,id,name,rate
0,1001,Autauga,182623.7
1,1003,Baldwin,228323.4
2,1005,Barbour,129368.2
3,1007,Bibb,128968.3
4,1009,Blount,136815.4
5,1011,Bullock,107857.1
6,1013,Butler,94150.9
7,1015,Calhoun,125519.8
8,1017,Chambers,112971.7
9,1019,Cherokee,147653.9
10,1021,Chilton,146662.8
11,1023,Choctaw,106219.5
12,1025,Clarke,124648.6
13,1027,Clay,121408.5
14,1029,Cleburne,123634.4
15,1031,Coffee,182441.5
16,1033,Colbert,142469.6
17,1035,Conecuh,100660.4
18,1037,Coosa,187528.7
19,1039,Covington,129669.1
20,1041,Crenshaw,101562.5
21,1043,Cullman,162124.6
22,1045,Dale,140850.7
23,1047,Dallas,114381.4
24,1049,DeKalb,123836.7
25,1051,Elmore,192225.4
26,1053,Escambia,124769.9
27,1055,Etowah,136663.1
28,1057,Fayette,115412.4
29,1059,Franklin,101832.0
30,1061,Geneva,106173.2
31,1063,Greene,86034.5
32,1065,Hale,106822.4
33,1067,Henry,138301.9
34,1069,Houston,168506.5
35,1071,Jackson,140629.8
36,1073,Jefferson,215143.8
37,1075,Lamar,98618.4
38,1077,Lauderdale,154342.9
39,1079,Lawrence,111610.5
40,1081,Lee,215573.0
41,1083,Limestone,192860.9
42,1085,Lowndes,121782.6
43,1087,Macon,136783.4
44,1089,Madison,200456.4
45,1091,Marengo,119212.8
46,1093,Marion,103916.9
47,1095,Marshall,156469.6
48,1097,Mobile,162418.0
49,1099,Monroe,116566.3
50,1101,Montgomery,186046.3
51,1103,Morgan,151061.2
52,1105,Perry,99459.5
53,1107,Pickens,105140.8
54,1109,Pike,156833.7
55,1111,Randolph,156679.8
56,1113,Russell,161380.5
57,1115,St. Clair,170122.3
58,1117,Shelby,215612.7
59,1119,Sumter,110352.1
60,1121,Talladega,142204.7
61,1123,Tallapoosa,234355.5
62,1125,Tuscaloosa,200688.2
63,1127,Walker,128468.2
64,1129,Washington,110833.3
65,1131,Wilcox,115000.0
66,1133,Winston,167208.7
67,2013,Aleutians East,148333.3
68,2016,Aleutians West,201666.7
69,2020,Anchorage,297637.3
70,2050,Bethel,265405.4
71,2060,Bristol Bay,195000.0
72,2068,Denali,212142.9
73,2070,Dillingham,240769.2
74,2090,Fairbanks North Star,237668.3
75,2100,Haines,220000.0
76,2105,Hoonah-Angoon,220000.0
77,2110,Juneau,311899.3
78,2122,Kenai Peninsula,228717.4
79,2130,Ketchikan Gateway,259438.8
80,2150,Kodiak Island,277831.9
81,2164,Lake and Peninsula,155000.0
82,2170,Matanuska-Susitna,254213.3
83,2180,Nome,277195.1
84,2185,North Slope,205909.1
85,2188,Northwest Arctic,196176.5
86,2195,Petersburg,222741.9
87,2198,Prince of Wales-Hyder,224600.0
88,2220,Sitka,322578.9
89,2230,Skagway,306176.5
90,2240,Southeast Fairbanks,226557.4
91,2261,Valdez-Cordova,232461.5
92,2275,Wrangell,212894.7
93,2282,Yakutat,218333.3
94,2290,Yukon-Koyukuk,95000.0
95,4001,Apache,151800.8
96,4003,Cochise,175184.4
97,4005,Coconino,283042.1
98,4007,Gila,208580.0
99,4009,Graham,164319.8
100,4011,Greenlee,142636.4
101,4012,La Paz,177851.1
102,4013,Maricopa,265629.2
103,4015,Mohave,196665.1
104,4017,Navajo,196642.9
105,4019,Pima,214690.4
106,4021,Pinal,197370.5
107,4023,Santa Cruz,176046.1
108,4025,Yavapai,244310.0
109,4027,Yuma,167999.6
110,5001,Arkansas,129178.4
111,5003,Ashley,92567.6
112,5005,Baxter,136269.0
113,5007,Benton,207456.6
114,5009,Boone,124907.7
115,5011,Bradley,116756.8
116,5013,Calhoun,91081.1
117,5015,Carroll,148824.6
118,5017,Chicot,129507.0
119,5019,Clark,118609.3
120,5021,Clay,79649.7
121,5023,Cleburne,159722.2
122,5025,Cleveland,103455.3
123,5027,Columbia,142024.2
124,5029,Conway,123848.3
125,5031,Craighead,169996.9
126,5033,Crawford,133410.9
127,5035,Crittenden,144050.4
128,5037,Cross,116213.2
129,5039,Dallas,103823.5
130,5041,Desha,111721.3
131,5043,Drew,131899.6
132,5045,Faulkner,179649.6
133,5047,Franklin,111746.6
134,5049,Fulton,119720.5
135,5051,Garland,161707.8
136,5053,Grant,140685.8
137,5055,Greene,139170.4
138,5057,Hempstead,94398.7
139,5059,Hot Spring,108718.2
140,5061,Howard,106541.9
141,5063,Independence,123865.5
142,5065,Izard,103557.2
143,5067,Jackson,91839.4
144,5069,Jefferson,130419.2
145,5071,Johnson,112505.5
146,5073,Lafayette,84344.3
147,5075,Lawrence,89202.3
148,5077,Lee,66612.9
149,5079,Lincoln,94920.0
150,5081,Little River,98539.8
151,5083,Logan,120847.8
152,5085,Lonoke,164367.2
153,5087,Madison,127672.4
154,5089,Marion,112418.5
155,5091,Miller,147302.5
156,5093,Mississippi,110229.4
157,5095,Monroe,65212.8
158,5097,Montgomery,106658.0
159,5099,Nevada,83225.8
160,5101,Newton,106831.0
161,5103,Ouachita,107203.9
162,5105,Perry,111114.6
163,5107,Phillips,89324.3
164,5109,Pike,99333.3
165,5111,Poinsett,89545.5
166,5113,Polk,116038.5
167,5115,Pope,132928.8
168,5117,Prairie,75851.1
169,5119,Pulaski,197098.3
170,5121,Randolph,105251.9
171,5123,St. Francis,97793.3
172,5125,Saline,171521.5
173,5127,Scott,103454.5
174,5129,Searcy,80190.8
175,5131,Sebastian,151688.8
176,5133,Sevier,90089.0
177,5135,Sharp,93785.0
178,5137,Stone,114076.1
179,5139,Union,128537.0
180,5141,Van Buren,100876.9
181,5143,Washington,204304.1
182,5145,White,148726.8
183,5147,Woodruff,110714.3
184,5149,Yell,116533.3
185,6001,Alameda,569845.5
186,6003,Alpine,317727.3
187,6005,Amador,257199.0
188,6007,Butte,253227.8
189,6009,Calaveras,264162.5
190,6011,Colusa,214392.0
191,6013,Contra Costa,487639.3
192,6015,Del Norte,209529.1
193,6017,El Dorado,368165.6
194,6019,Fresno,248348.4
195,6021,Glenn,207496.0
196,6023,Humboldt,248952.3
197,6025,Imperial,192609.8
198,6027,Inyo,270700.9
199,6029,Kern,214330.1
200,6031,Kings,223350.3
201,6033,Lake,218071.0
202,6035,Lassen,218419.5
203,6037,Los Angeles,554957.1
204,6039,Madera,232881.0
205,6041,Marin,742387.0
206,6043,Mariposa,249280.1
207,6045,Mendocino,297303.6
208,6047,Merced,236374.7
209,6049,Modoc,138571.4
210,6051,Mono,387839.2
211,6053,Monterey,465965.3
212,6055,Napa,499372.1
213,6057,Nevada,335927.6
214,6059,Orange,537116.7
215,6061,Placer,380828.0
216,6063,Plumas,242412.4
217,6065,Riverside,316169.6
218,6067,Sacramento,302379.2
219,6069,San Benito,443000.8
220,6071,San Bernardino,287787.3
221,6073,San Diego,470702.9
222,6075,San Francisco,877761.3
223,6077,San Joaquin,303905.7
224,6079,San Luis Obispo,420213.2
225,6081,San Mateo,811210.5
226,6083,Santa Barbara,530046.0
227,6085,Santa Clara,705337.8
228,6087,Santa Cruz,504993.0
229,6089,Shasta,234857.4
230,6091,Sierra,238939.4
231,6093,Siskiyou,187241.1
232,6095,Solano,339413.9
233,6097,Sonoma,433074.0
234,6099,Stanislaus,255028.5
235,6101,Sutter,249815.1
236,6103,Tehama,207449.9
237,6105,Trinity,202637.1
238,6107,Tulare,208316.3
239,6109,Tuolumne,237068.2
240,6111,Ventura,447919.2
241,6113,Yolo,339582.3
242,6115,Yuba,252202.2
243,8001,Adams,274749.7
244,8003,Alamosa,192200.0
245,8005,Arapahoe,304805.1
246,8007,Archuleta,283550.1
247,8009,Baca,119285.7
248,8011,Bent,95408.2
249,8013,Boulder,387674.7
250,8014,Broomfield,329950.2
251,8015,Chaffee,289986.3
252,8017,Cheyenne,93888.9
253,8019,Clear Creek,298597.4
254,8021,Conejos,159558.8
255,8023,Costilla,152435.9
256,8025,Crowley,93235.3
257,8027,Custer,219642.9
258,8029,Delta,188739.5
259,8031,Denver,360460.2
260,8033,Dolores,247812.5
261,8035,Douglas,359936.2
262,8037,Eagle,601784.3
263,8039,Elbert,352644.8
264,8041,El Paso,270362.1
265,8043,Fremont,184617.8
266,8045,Garfield,308526.7
267,8047,Gilpin,280277.0
268,8049,Grand,360116.4
269,8051,Gunnison,373841.4
270,8053,Hinsdale,252428.6
271,8055,Huerfano,184285.7
272,8057,Jackson,189230.8
273,8059,Jefferson,306466.1
274,8061,Kiowa,95000.0
275,8063,Kit Carson,150964.9
276,8065,Lake,240704.7
277,8067,La Plata,330504.3
278,8069,Larimer,290886.7
279,8071,Las Animas,178558.1
280,8073,Lincoln,155514.7
281,8075,Logan,154282.7
282,8077,Mesa,215373.7
283,8079,Mineral,249074.1
284,8081,Moffat,177971.6
285,8083,Montezuma,209367.6
286,8085,Montrose,205532.1
287,8087,Morgan,211655.8
288,8089,Otero,120337.6
289,8091,Ouray,314280.3
290,8093,Park,274059.4
291,8095,Phillips,169642.9
292,8097,Pitkin,1256736.6
293,8099,Prowers,113363.6
294,8101,Pueblo,172833.3
295,8103,Rio Blanco,187293.0
296,8105,Rio Grande,181810.8
297,8107,Routt,426692.3
298,8109,Saguache,165786.5
299,8111,San Juan,273235.3
300,8113,San Miguel,859178.7
301,8115,Sedgwick,103285.7
302,8117,Summit,482382.0
303,8119,Teller,257889.9
304,8121,Washington,147641.5
305,8123,Weld,273562.3
306,8125,Yuma,162025.3
307,9001,Fairfield,454557.6
308,9003,Hartford,205962.2
309,9005,Litchfield,231702.4
310,9007,Middlesex,213518.9
311,9009,New Haven,217223.5
312,9011,New London,205281.5
313,9013,Tolland,184507.0
314,9015,Windham,172926.7
315,10001,Kent,208228.2
316,10003,New Castle,226846.9
317,10005,Sussex,271618.8
318,12001,Alachua,200286.0
319,12003,Baker,180546.2
320,12005,Bay,209693.2
321,12007,Bradford,138096.6
322,12009,Brevard,209502.9
323,12011,Broward,277316.7
324,12013,Calhoun,122500.0
325,12015,Charlotte,190043.8
326,12017,Citrus,151407.0
327,12019,Clay,200411.8
328,12021,Collier,354375.8
329,12023,Columbia,153303.6
330,12027,DeSoto,165580.6
331,12029,Dixie,106761.4
332,12031,Duval,204110.2
333,12033,Escambia,194293.1
334,12035,Flagler,199933.8
335,12037,Franklin,279372.9
336,12039,Gadsden,154475.7
337,12041,Gilchrist,150895.3
338,12043,Glades,148315.5
339,12045,Gulf,246793.1
340,12047,Hamilton,117093.0
341,12049,Hardee,150339.0
342,12051,Hendry,159438.6
343,12053,Hernando,156557.4
344,12055,Highlands,139913.3
345,12057,Hillsborough,236839.3
346,12059,Holmes,121178.9
347,12061,Indian River,228096.8
348,12063,Jackson,117829.5
349,12065,Jefferson,174659.6
350,12067,Lafayette,173723.4
351,12069,Lake,207318.2
352,12071,Lee,223978.4
353,12073,Leon,215371.6
354,12075,Levy,140872.1
355,12077,Liberty,126833.3
356,12079,Madison,156614.9
357,12081,Manatee,250061.9
358,12083,Marion,154280.0
359,12085,Martin,269592.0
360,12086,Miami-Dade,327748.9
361,12087,Monroe,495827.8
362,12089,Nassau,243900.0
363,12091,Okaloosa,253016.0
364,12093,Okeechobee,156181.7
365,12095,Orange,255610.2
366,12097,Osceola,221228.6
367,12099,Palm Beach,299196.0
368,12101,Pasco,196949.4
369,12103,Pinellas,226351.7
370,12105,Polk,181027.1
371,12107,Putnam,144201.4
372,12109,St. Johns,284437.7
373,12111,St. Lucie,190388.8
374,12113,Santa Rosa,225157.1
375,12115,Sarasota,247688.4
376,12117,Seminole,233644.6
377,12119,Sumter,208446.0
378,12121,Suwannee,134549.5
379,12123,Taylor,124827.6
380,12125,Union,146776.3
381,12127,Volusia,188345.5
382,12129,Wakulla,170906.1
383,12131,Walton,417608.6
384,12133,Washington,140833.3
385,13001,Appling,107411.8
386,13003,Atkinson,88396.2
387,13005,Bacon,110063.3
388,13007,Baker,94600.0
389,13009,Baldwin,182159.8
390,13011,Banks,163184.1
391,13013,Barrow,179182.4
392,13015,Bartow,187429.3
393,13017,Ben Hill,108000.0
394,13019,Berrien,117522.8
395,13021,Bibb,156884.4
396,13023,Bleckley,121950.4
397,13025,Brantley,105560.3
398,13027,Brooks,118547.2
399,13029,Bryan,242300.2
400,13031,Bulloch,168242.9
401,13033,Burke,140821.9
402,13035,Butts,169566.0
403,13037,Calhoun,55169.5
404,13039,Camden,191431.7
405,13043,Candler,138675.2
406,13045,Carroll,172226.1
407,13047,Catoosa,173624.6
408,13049,Charlton,122007.3
409,13051,Chatham,224601.8
410,13053,Chattahoochee,124166.7
411,13055,Chattooga,111864.4
412,13057,Cherokee,239573.0
413,13059,Clarke,192499.1
414,13061,Clay,112381.0
415,13063,Clayton,147109.6
416,13065,Clinch,82386.4
417,13067,Cobb,248032.0
418,13069,Coffee,118698.3
419,13071,Colquitt,164257.5
420,13073,Columbia,222707.3
421,13075,Cook,113985.0
422,13077,Coweta,218630.6
423,13079,Crawford,121878.6
424,13081,Crisp,137773.1
425,13083,Dade,165135.5
426,13085,Dawson,230855.4
427,13087,Decatur,136904.8
428,13089,DeKalb,260162.5
429,13091,Dodge,111868.7
430,13093,Dooly,100970.1
431,13095,Dougherty,149812.2
432,13097,Douglas,187097.1
433,13099,Early,108674.7
434,13101,Echols,166562.5
435,13103,Effingham,188850.4
436,13105,Elbert,126269.0
437,13107,Emanuel,106721.9
438,13109,Evans,117547.8
439,13111,Fannin,239888.1
440,13113,Fayette,264607.1
441,13115,Floyd,163730.8
442,13117,Forsyth,283147.8
443,13119,Franklin,145539.9
444,13121,Fulton,321183.3
445,13123,Gilmer,187692.9
446,13125,Glascock,100000.0
447,13127,Glynn,278631.6
448,13129,Gordon,162323.2
449,13131,Grady,148800.0
450,13133,Greene,392057.9
451,13135,Gwinnett,220110.6
452,13137,Habersham,182663.7
453,13139,Hall,222219.0
454,13141,Hancock,171324.8
455,13143,Haralson,161740.6
456,13145,Harris,227647.1
457,13147,Hart,199442.5
458,13149,Heard,158613.9
459,13151,Henry,201869.9
460,13153,Houston,175422.4
461,13155,Irwin,102402.6
462,13157,Jackson,210138.5
463,13159,Jasper,169954.1
464,13161,Jeff Davis,99516.1
465,13163,Jefferson,129285.7
466,13165,Jenkins,117000.0
467,13167,Johnson,105000.0
468,13169,Jones,144964.3
469,13171,Lamar,156879.5
470,13173,Lanier,116923.1
471,13175,Laurens,128682.9
472,13177,Lee,169883.2
473,13179,Liberty,162535.6
474,13181,Lincoln,156708.5
475,13183,Long,169383.6
476,13185,Lowndes,170720.5
477,13187,Lumpkin,182788.0
478,13189,McDuffie,153907.8
479,13191,McIntosh,150974.4
480,13193,Macon,122073.2
481,13195,Madison,158612.3
482,13197,Marion,114036.1
483,13199,Meriwether,146075.0
484,13201,Miller,101201.6
485,13205,Mitchell,97484.5
486,13207,Monroe,197966.9
487,13209,Montgomery,163876.4
488,13211,Morgan,231000.0
489,13213,Murray,124269.1
490,13215,Muscogee,176243.5
491,13217,Newton,178656.8
492,13219,Oconee,266455.9
493,13221,Oglethorpe,152243.4
494,13223,Paulding,192904.8
495,13225,Peach,146003.3
496,13227,Pickens,193325.0
497,13229,Pierce,135342.1
498,13231,Pike,196068.1
499,13233,Polk,137676.6
500,13235,Pulaski,124605.3
501,13237,Putnam,247358.9
502,13239,Quitman,75357.1
503,13241,Rabun,291796.3
504,13243,Randolph,107115.4
505,13245,Richmond,161553.4
506,13247,Rockdale,189944.7
507,13249,Schley,102261.9
508,13251,Screven,135977.4
509,13253,Seminole,86328.7
510,13255,Spalding,163201.7
511,13257,Stephens,147624.0
512,13259,Stewart,123125.0
513,13261,Sumter,118004.1
514,13263,Talbot,124285.7
515,13265,Taliaferro,112727.3
516,13267,Tattnall,105443.7
517,13269,Taylor,90000.0
518,13271,Telfair,117069.0
519,13273,Terrell,93838.7
520,13275,Thomas,176984.3
521,13277,Tift,179594.6
522,13279,Toombs,140714.3
523,13281,Towns,184691.4
524,13283,Treutlen,109871.8
525,13285,Troup,160293.7
526,13287,Turner,107888.9
527,13289,Twiggs,92538.5
528,13291,Union,184786.0
529,13293,Upson,114067.0
530,13295,Walker,146258.6
531,13297,Walton,203431.5
532,13299,Ware,133627.5
533,13301,Warren,135000.0
534,13303,Washington,146696.4
535,13305,Wayne,126298.0
536,13307,Webster,138333.3
537,13309,Wheeler,77000.0
538,13311,White,165700.6
539,13313,Whitfield,145793.1
540,13315,Wilcox,95851.1
541,13317,Wilkes,112391.3
542,13319,Wilkinson,95122.0
543,13321,Worth,121827.3
544,15001,Hawaii,351755.0
545,15003,Honolulu,446047.8
546,15007,Kauai,478934.2
547,15009,Maui,473528.8
548,16001,Ada,244973.7
549,16003,Adams,199189.2
550,16005,Bannock,158107.7
551,16007,Bear Lake,180358.4
552,16009,Benewah,157445.4
553,16011,Bingham,174013.3
554,16013,Blaine,447366.8
555,16015,Boise,218957.1
556,16017,Bonner,251582.0
557,16019,Bonneville,186004.6
558,16021,Boundary,184366.2
559,16023,Butte,133524.6
560,16025,Camas,138076.9
561,16027,Canyon,184517.0
562,16029,Caribou,160190.5
563,16031,Cassia,157114.8
564,16033,Clark,122000.0
565,16035,Clearwater,156366.1
566,16037,Custer,215196.1
567,16039,Elmore,174070.5
568,16041,Franklin,187278.5
569,16043,Fremont,221899.4
570,16045,Gem,195200.8
571,16047,Gooding,145911.8
572,16049,Idaho,186202.7
573,16051,Jefferson,203856.2
574,16053,Jerome,149548.1
575,16055,Kootenai,242935.0
576,16057,Latah,224440.3
577,16059,Lemhi,181811.6
578,16061,Lewis,147272.7
579,16063,Lincoln,153769.2
580,16065,Madison,238891.1
581,16067,Minidoka,141947.6
582,16069,Nez Perce,180918.0
583,16071,Oneida,151234.6
584,16073,Owyhee,181242.9
585,16075,Payette,172547.9
586,16077,Power,170144.9
587,16079,Shoshone,128674.5
588,16081,Teton,291986.8
589,16083,Twin Falls,172909.7
590,16085,Valley,287792.8
591,16087,Washington,153166.1
592,17001,Adams,132954.8
593,17003,Alexander,93333.3
594,17005,Bond,124611.3
595,17007,Boone,167524.7
596,17009,Brown,128888.9
597,17011,Bureau,103994.2
598,17013,Calhoun,116294.1
599,17015,Carroll,158526.3
600,17017,Cass,77574.9
601,17019,Champaign,199115.5
602,17021,Christian,98476.3
603,17023,Clark,102461.1
604,17025,Clay,89926.5
605,17027,Clinton,144260.5
606,17029,Coles,116978.8
607,17031,Cook,297450.3
608,17033,Crawford,98493.2
609,17035,Cumberland,126379.3
610,17037,DeKalb,165095.9
611,17039,De Witt,122551.9
612,17041,Douglas,109828.7
613,17043,DuPage,278742.5
614,17045,Edgar,90873.6
615,17047,Edwards,114705.9
616,17049,Effingham,153881.8
617,17051,Fayette,111363.6
618,17053,Ford,100501.7
619,17055,Franklin,102170.9
620,17057,Fulton,90473.9
621,17059,Gallatin,94245.3
622,17061,Greene,98986.9
623,17063,Grundy,185095.8
624,17065,Hamilton,90961.5
625,17067,Hancock,93416.3
626,17069,Hardin,97800.0
627,17071,Henderson,112457.6
628,17073,Henry,109645.7
629,17075,Iroquois,113215.3
630,17077,Jackson,123299.1
631,17079,Jasper,108793.1
632,17081,Jefferson,124783.0
633,17083,Jersey,128442.3
634,17085,Jo Daviess,130539.0
635,17087,Johnson,136695.9
636,17089,Kane,216872.1
637,17091,Kankakee,141176.2
638,17093,Kendall,206592.1
639,17095,Knox,97004.2
640,17097,Lake,272434.1
641,17099,LaSalle,141147.1
642,17101,Lawrence,79519.2
643,17103,Lee,127038.0
644,17105,Livingston,94246.0
645,17107,Logan,96604.7
646,17109,McDonough,97605.0
647,17111,McHenry,193978.9
648,17113,McLean,158343.2
649,17115,Macon,109050.6
650,17117,Macoupin,115193.8
651,17119,Madison,160316.3
652,17121,Marion,100174.2
653,17123,Marshall,103862.7
654,17125,Mason,74421.1
655,17127,Massac,116009.2
656,17129,Menard,124316.9
657,17131,Mercer,110809.8
658,17133,Monroe,192784.6
659,17135,Montgomery,107762.4
660,17137,Morgan,93307.0
661,17139,Moultrie,108785.0
662,17141,Ogle,144644.1
663,17143,Peoria,134776.7
664,17145,Perry,103413.5
665,17147,Piatt,156792.8
666,17149,Pike,107767.9
667,17151,Pope,135196.1
668,17153,Pulaski,87592.6
669,17155,Putnam,122702.7
670,17157,Randolph,109086.8
671,17159,Richland,103709.7
672,17161,Rock Island,115827.4
673,17163,St. Clair,167655.9
674,17165,Saline,106118.9
675,17167,Sangamon,145258.9
676,17169,Schuyler,99675.3
677,17171,Scott,108333.3
678,17173,Shelby,111543.8
679,17175,Stark,85463.0
680,17177,Stephenson,101787.6
681,17179,Tazewell,123500.7
682,17181,Union,113711.7
683,17183,Vermilion,95284.6
684,17185,Wabash,99392.5
685,17187,Warren,93063.1
686,17189,Washington,124523.8
687,17191,Wayne,100463.0
688,17193,White,102000.0
689,17195,Whiteside,98362.9
690,17197,Will,214257.6
691,17199,Williamson,128203.0
692,17201,Winnebago,119357.4
693,17203,Woodford,143735.4
694,18001,Adams,118582.1
695,18003,Allen,154543.2
696,18005,Bartholomew,162348.4
697,18007,Benton,95339.8
698,18009,Blackford,97227.3
699,18011,Boone,251625.7
700,18013,Brown,187420.6
701,18015,Carroll,125362.8
702,18017,Cass,104290.9
703,18019,Clark,162378.5
704,18021,Clay,113436.9
705,18023,Clinton,118562.8
706,18025,Crawford,105000.0
707,18027,Daviess,110716.6
708,18029,Dearborn,162043.4
709,18031,Decatur,125432.5
710,18033,DeKalb,141563.7
711,18035,Delaware,120564.4
712,18037,Dubois,155468.2
713,18039,Elkhart,144558.4
714,18041,Fayette,90823.9
715,18043,Floyd,167914.0
716,18045,Fountain,114082.6
717,18047,Franklin,152492.5
718,18049,Fulton,106221.4
719,18051,Gibson,116330.3
720,18053,Grant,115168.6
721,18055,Greene,113985.9
722,18057,Hamilton,248567.1
723,18059,Hancock,175561.0
724,18061,Harrison,155883.1
725,18063,Hendricks,186074.1
726,18065,Henry,116749.3
727,18067,Howard,122574.9
728,18069,Huntington,126352.4
729,18071,Jackson,128386.8
730,18073,Jasper,165659.1
731,18075,Jay,91580.2
732,18077,Jefferson,121696.4
733,18079,Jennings,111795.1
734,18081,Johnson,179187.0
735,18083,Knox,93564.9
736,18085,Kosciusko,159589.1
737,18087,LaGrange,168043.5
738,18089,Lake,166957.1
739,18091,LaPorte,148612.5
740,18093,Lawrence,132073.2
741,18095,Madison,125718.8
742,18097,Marion,164289.2
743,18099,Marshall,144114.6
744,18101,Martin,109375.0
745,18103,Miami,102236.4
746,18105,Monroe,210639.3
747,18107,Montgomery,123554.6
748,18109,Morgan,163986.0
749,18111,Newton,122012.3
750,18113,Noble,141686.9
751,18115,Ohio,144230.8
752,18117,Orange,127973.0
753,18119,Owen,130486.1
754,18121,Parke,123910.6
755,18123,Perry,92969.5
756,18125,Pike,105899.3
757,18127,Porter,187035.6
758,18129,Posey,129464.3
759,18131,Pulaski,119978.7
760,18133,Putnam,153950.1
761,18135,Randolph,80274.5
762,18137,Ripley,138094.9
763,18139,Rush,117768.5
764,18141,St. Joseph,140460.2
765,18143,Scott,119645.7
766,18145,Shelby,139585.4
767,18147,Spencer,120303.9
768,18149,Starke,119321.4
769,18151,Steuben,185944.4
770,18153,Sullivan,101524.1
771,18155,Switzerland,119912.3
772,18157,Tippecanoe,165525.4
773,18159,Tipton,121232.2
774,18161,Union,103488.4
775,18163,Vanderburgh,139088.0
776,18165,Vermillion,92552.4
777,18167,Vigo,123432.7
778,18169,Wabash,118235.3
779,18171,Warren,110025.9
780,18173,Warrick,170854.5
781,18175,Washington,117690.2
782,18177,Wayne,113131.6
783,18179,Wells,118091.3
784,18181,White,133029.6
785,18183,Whitley,145655.7
786,19001,Adair,105820.9
787,19003,Adams,138400.0
788,19005,Allamakee,119871.8
789,19007,Appanoose,111476.7
790,19009,Audubon,108194.4
791,19011,Benton,116291.0
792,19013,Black Hawk,130016.6
793,19015,Boone,142017.5
794,19017,Bremer,130065.4
795,19019,Buchanan,97000.0
796,19021,Buena Vista,119852.9
797,19023,Butler,110126.3
798,19025,Calhoun,111319.4
799,19027,Carroll,127458.6
800,19029,Cass,97258.1
801,19031,Cedar,134324.1
802,19033,Cerro Gordo,176196.0
803,19035,Cherokee,119321.6
804,19037,Chickasaw,109575.5
805,19039,Clarke,146145.8
806,19041,Clay,138540.7
807,19043,Clayton,108562.0
808,19045,Clinton,125308.7
809,19047,Crawford,99007.8
810,19049,Dallas,224090.0
811,19051,Davis,111415.1
812,19053,Decatur,90714.3
813,19055,Delaware,121736.5
814,19057,Des Moines,112437.0
815,19059,Dickinson,221901.6
816,19061,Dubuque,147728.5
817,19063,Emmet,108289.5
818,19065,Fayette,88514.2
819,19067,Floyd,99925.4
820,19069,Franklin,85512.8
821,19071,Fremont,113030.3
822,19073,Greene,117481.8
823,19075,Grundy,112523.6
824,19077,Guthrie,167602.7
825,19079,Hamilton,117469.6
826,19081,Hancock,102972.0
827,19083,Hardin,98417.7
828,19085,Harrison,136401.9
829,19087,Henry,120572.0
830,19089,Howard,92346.9
831,19091,Humboldt,114316.2
832,19093,Ida,124056.6
833,19095,Iowa,124057.0
834,19097,Jackson,146940.8
835,19099,Jasper,135856.6
836,19101,Jefferson,109664.0
837,19103,Johnson,188757.0
838,19105,Jones,133128.1
839,19107,Keokuk,88859.6
840,19109,Kossuth,97666.7
841,19111,Lee,105037.2
842,19113,Linn,142331.9
843,19115,Louisa,104418.0
844,19117,Lucas,124023.3
845,19119,Lyon,138228.8
846,19121,Madison,192104.1
847,19123,Mahaska,115689.7
848,19125,Marion,163450.5
849,19127,Marshall,127724.7
850,19129,Mills,161329.9
851,19131,Mitchell,103113.2
852,19133,Monona,107709.7
853,19135,Monroe,104065.4
854,19137,Montgomery,86902.7
855,19139,Muscatine,130497.1
856,19141,O'Brien,127328.8
857,19143,Osceola,101853.9
858,19145,Page,105091.3
859,19147,Palo Alto,114642.9
860,19149,Plymouth,159536.9
861,19151,Pocahontas,86917.8
862,19153,Polk,184192.8
863,19155,Pottawattamie,147636.3
864,19157,Poweshiek,121655.6
865,19159,Ringgold,172692.3
866,19161,Sac,109898.0
867,19163,Scott,175639.9
868,19165,Shelby,121071.4
869,19167,Sioux,165993.0
870,19169,Story,196969.5
871,19171,Tama,96226.4
872,19173,Taylor,99237.3
873,19175,Union,121792.5
874,19177,Van Buren,111521.7
875,19179,Wapello,93103.8
876,19181,Warren,188407.3
877,19183,Washington,116445.0
878,19185,Wayne,108814.4
879,19187,Webster,106691.9
880,19189,Winnebago,112712.8
881,19191,Winneshiek,159907.4
882,19193,Woodbury,145124.6
883,19195,Worth,106041.7
884,19197,Wright,92359.6
885,20001,Allen,81324.3
886,20003,Anderson,96811.0
887,20005,Atchison,105795.8
888,20007,Barber,65500.0
889,20009,Barton,91955.3
890,20011,Bourbon,103896.6
891,20013,Brown,96287.9
892,20015,Butler,153860.9
893,20017,Chase,108823.5
894,20019,Chautauqua,87142.9
895,20021,Cherokee,93445.9
896,20023,Cheyenne,100909.1
897,20025,Clark,119000.0
898,20027,Clay,120467.6
899,20029,Cloud,82286.8
900,20031,Coffey,115310.6
901,20033,Comanche,73000.0
902,20035,Cowley,108286.2
903,20037,Crawford,115243.5
904,20039,Decatur,101470.6
905,20041,Dickinson,130931.7
906,20043,Doniphan,101986.3
907,20045,Douglas,208284.7
908,20047,Edwards,92500.0
909,20049,Elk,70714.3
910,20051,Ellis,162125.4
911,20053,Ellsworth,108142.9
912,20055,Finney,194172.9
913,20057,Ford,133772.8
914,20059,Franklin,146827.8
915,20061,Geary,145971.2
916,20063,Gove,83965.5
917,20065,Graham,52500.0
918,20067,Grant,118432.8
919,20069,Gray,141315.8
920,20071,Greeley,110000.0
921,20073,Greenwood,79418.6
922,20075,Hamilton,95000.0
923,20077,Harper,83275.9
924,20079,Harvey,123808.1
925,20081,Haskell,123918.9
926,20083,Hodgeman,101000.0
927,20085,Jackson,128091.6
928,20087,Jefferson,144957.3
929,20089,Jewell,96538.5
930,20091,Johnson,251255.6
931,20093,Kearny,128055.6
932,20095,Kingman,109184.4
933,20097,Kiowa,135000.0
934,20099,Labette,90490.2
935,20101,Lane,96538.5
936,20103,Leavenworth,201919.6
937,20105,Lincoln,53461.5
938,20107,Linn,141081.9
939,20109,Logan,93275.9
940,20111,Lyon,148762.8
941,20113,McPherson,138146.9
942,20115,Marion,99101.1
943,20117,Marshall,120747.1
944,20119,Meade,99285.7
945,20121,Miami,204362.1
946,20123,Mitchell,102924.5
947,20125,Montgomery,91376.8
948,20127,Morris,108109.2
949,20129,Morton,107000.0
950,20131,Nemaha,135113.0
951,20133,Neosho,89466.7
952,20135,Ness,86250.0
953,20137,Norton,105689.7
954,20139,Osage,120874.7
955,20141,Osborne,98939.4
956,20143,Ottawa,107352.9
957,20145,Pawnee,82529.4
958,20147,Phillips,103125.0
959,20149,Pottawatomie,197503.1
960,20151,Pratt,121574.1
961,20153,Rawlins,102272.7
962,20155,Reno,122377.2
963,20157,Republic,89285.7
964,20159,Rice,111493.5
965,20161,Riley,213964.7
966,20163,Rooks,138235.3
967,20165,Rush,82037.0
968,20167,Russell,105597.0
969,20169,Saline,140824.0
970,20171,Scott,125250.0
971,20173,Sedgwick,162721.0
972,20175,Seward,147341.5
973,20177,Shawnee,141408.1
974,20179,Sheridan,115000.0
975,20181,Sherman,123703.7
976,20183,Smith,96250.0
977,20185,Stafford,102619.0
978,20187,Stanton,90000.0
979,20189,Stevens,149782.6
980,20191,Sumner,104513.7
981,20193,Thomas,109056.6
982,20195,Trego,98200.0
983,20197,Wabaunsee,132700.5
984,20199,Wallace,98750.0
985,20201,Washington,91046.5
986,20203,Wichita,113888.9
987,20205,Wilson,116904.8
988,20207,Woodson,82777.8
989,20209,Wyandotte,157714.3
990,21001,Adair,109129.0
991,21003,Allen,123555.3
992,21005,Anderson,139617.6
993,21007,Ballard,104666.7
994,21009,Barren,124630.8
995,21011,Bath,101548.7
996,21013,Bell,96494.3
997,21015,Boone,188180.0
998,21017,Bourbon,165263.2
999,21019,Boyd,111569.6
1000,21021,Boyle,156090.9
1001,21023,Bracken,111748.5
1002,21025,Breathitt,103510.6
1003,21027,Breckinridge,120036.5
1004,21029,Bullitt,166529.6
1005,21031,Butler,113115.9
1006,21033,Caldwell,109030.6
1007,21035,Calloway,160249.2
1008,21037,Campbell,168156.0
1009,21039,Carlisle,136777.8
1010,21041,Carroll,108820.2
1011,21043,Carter,121576.3
1012,21045,Casey,118482.1
1013,21047,Christian,123174.5
1014,21049,Clark,164002.8
1015,21051,Clay,83541.7
1016,21053,Clinton,101140.4
1017,21055,Crittenden,98333.3
1018,21057,Cumberland,116206.9
1019,21059,Daviess,137153.6
1020,21061,Edmonson,129576.8
1021,21063,Elliott,117307.7
1022,21065,Estill,123561.6
1023,21067,Fayette,195712.6
1024,21069,Fleming,101878.3
1025,21071,Floyd,109438.2
1026,21073,Franklin,141913.9
1027,21075,Fulton,71785.7
1028,21077,Gallatin,131812.5
1029,21079,Garrard,143429.2
1030,21081,Grant,153562.3
1031,21083,Graves,108096.6
1032,21085,Grayson,116689.7
1033,21087,Green,91758.2
1034,21089,Greenup,125205.3
1035,21091,Hancock,114481.1
1036,21093,Hardin,161800.4
1037,21095,Harlan,86733.3
1038,21097,Harrison,144831.0
1039,21099,Hart,111887.2
1040,21101,Henderson,118786.3
1041,21103,Henry,141761.4
1042,21105,Hickman,109000.0
1043,21107,Hopkins,113166.5
1044,21109,Jackson,100576.9
1045,21111,Jefferson,186636.7
1046,21113,Jessamine,208099.2
1047,21115,Johnson,119308.2
1048,21117,Kenton,169221.5
1049,21119,Knott,91790.1
1050,21121,Knox,107692.3
1051,21123,Larue,120507.2
1052,21125,Laurel,132213.1
1053,21127,Lawrence,113750.0
1054,21129,Lee,95731.7
1055,21131,Leslie,90500.0
1056,21133,Letcher,87319.6
1057,21135,Lewis,94531.3
1058,21137,Lincoln,103739.5
1059,21139,Livingston,102846.2
1060,21141,Logan,118363.3
1061,21143,Lyon,155424.2
1062,21145,McCracken,144894.1
1063,21147,McCreary,91269.8
1064,21149,McLean,88945.9
1065,21151,Madison,166410.9
1066,21153,Magoffin,90882.4
1067,21155,Marion,127837.1
1068,21157,Marshall,139516.1
1069,21159,Martin,104607.8
1070,21161,Mason,129258.6
1071,21163,Meade,147025.5
1072,21165,Menifee,97243.0
1073,21167,Mercer,133423.6
1074,21169,Metcalfe,92541.0
1075,21171,Monroe,99152.0
1076,21173,Montgomery,127966.0
1077,21175,Morgan,119838.7
1078,21177,Muhlenberg,98164.1
1079,21179,Nelson,154598.4
1080,21181,Nicholas,108168.3
1081,21183,Ohio,114068.5
1082,21185,Oldham,251727.5
1083,21187,Owen,135090.9
1084,21189,Owsley,106428.6
1085,21191,Pendleton,138896.6
1086,21193,Perry,128028.6
1087,21195,Pike,119095.0
1088,21197,Powell,104549.5
1089,21199,Pulaski,127542.1
1090,21201,Robertson,88200.0
1091,21203,Rockcastle,99401.9
1092,21205,Rowan,176912.8
1093,21207,Russell,114494.2
1094,21209,Scott,187415.9
1095,21211,Shelby,196476.5
1096,21213,Simpson,136476.0
1097,21215,Spencer,190678.3
1098,21217,Taylor,108703.7
1099,21219,Todd,131808.5
1100,21221,Trigg,148604.7
1101,21223,Trimble,127139.7
1102,21225,Union,100087.7
1103,21227,Warren,183236.4
1104,21229,Washington,132382.2
1105,21231,Wayne,102264.7
1106,21233,Webster,91263.2
1107,21235,Whitley,111228.7
1108,21237,Wolfe,107428.6
1109,21239,Woodford,190810.8
1110,22001,Acadia,123765.7
1111,22003,Allen,127781.7
1112,22005,Ascension,215158.9
1113,22007,Assumption,147090.6
1114,22009,Avoyelles,119598.1
1115,22011,Beauregard,154466.8
1116,22013,Bienville,124545.5
1117,22015,Bossier,202015.1
1118,22017,Caddo,185388.1
1119,22019,Calcasieu,191383.7
1120,22021,Caldwell,88043.5
1121,22023,Cameron,172680.0
1122,22025,Catahoula,100052.6
1123,22027,Claiborne,129131.7
1124,22029,Concordia,136875.0
1125,22031,De Soto,175509.4
1126,22033,East Baton Rouge,224922.3
1127,22035,East Carroll,108571.4
1128,22037,East Feliciana,166744.2
1129,22039,Evangeline,111887.4
1130,22041,Franklin,136700.7
1131,22043,Grant,124393.1
1132,22045,Iberia,136301.0
1133,22047,Iberville,157453.6
1134,22049,Jackson,135520.8
1135,22051,Jefferson,210256.1
1136,22053,Jefferson Davis,141421.1
1137,22055,Lafayette,197911.0
1138,22057,Lafourche,164785.6
1139,22059,La Salle,113454.3
1140,22061,Lincoln,184241.5
1141,22063,Livingston,181273.1
1142,22065,Madison,112794.1
1143,22067,Morehouse,122285.2
1144,22069,Natchitoches,171694.6
1145,22071,Orleans,295775.6
1146,22073,Ouachita,174614.2
1147,22075,Plaquemines,240013.0
1148,22077,Pointe Coupee,170906.4
1149,22079,Rapides,165369.9
1150,22081,Red River,101944.4
1151,22083,Richland,121914.9
1152,22085,Sabine,148625.3
1153,22087,St. Bernard,167685.0
1154,22089,St. Charles,206163.9
1155,22091,St. Helena,138982.3
1156,22093,St. James,172012.2
1157,22095,St. John the Baptist,159392.7
1158,22097,St. Landry,149060.9
1159,22099,St. Martin,149988.9
1160,22101,St. Mary,120208.3
1161,22103,St. Tammany,226387.2
1162,22105,Tangipahoa,174755.2
1163,22107,Tensas,189250.0
1164,22109,Terrebonne,173140.4
1165,22111,Union,120555.6
1166,22113,Vermilion,136827.7
1167,22115,Vernon,151387.5
1168,22117,Washington,120578.9
1169,22119,Webster,128500.8
1170,22121,West Baton Rouge,188841.2
1171,22123,West Carroll,108451.3
1172,22125,West Feliciana,236734.3
1173,22127,Winn,108600.0
1174,23001,Androscoggin,156604.9
1175,23003,Aroostook,115227.0
1176,23005,Cumberland,263178.9
1177,23007,Franklin,156221.4
1178,23009,Hancock,206957.3
1179,23011,Kennebec,159962.9
1180,23013,Knox,187404.1
1181,23015,Lincoln,195339.0
1182,23017,Oxford,163774.2
1183,23019,Penobscot,148363.4
1184,23021,Piscataquis,129796.7
1185,23023,Sagadahoc,199922.2
1186,23025,Somerset,117142.1
1187,23027,Waldo,155951.5
1188,23029,Washington,123046.7
1189,23031,York,240435.6
1190,24001,Allegany,108522.6
1191,24003,Anne Arundel,324279.2
1192,24005,Baltimore,248126.8
1193,24009,Calvert,302681.8
1194,24011,Caroline,183975.6
1195,24013,Carroll,267793.9
1196,24015,Cecil,210729.9
1197,24017,Charles,297781.2
1198,24019,Dorchester,187974.7
1199,24021,Frederick,300071.1
1200,24023,Garrett,248137.0
1201,24025,Harford,252371.6
1202,24027,Howard,352322.0
1203,24029,Kent,229482.0
1204,24031,Montgomery,409246.7
1205,24033,Prince George's,291977.1
1206,24035,Queen Anne's,302884.5
1207,24037,St. Mary's,269893.2
1208,24039,Somerset,160565.2
1209,24041,Talbot,345979.4
1210,24043,Washington,199350.9
1211,24045,Wicomico,174230.4
1212,24047,Worcester,228802.5
1213,24510,Baltimore city,215438.9
1214,25001,Barnstable,324469.7
1215,25003,Berkshire,199724.9
1216,25005,Bristol,252053.5
1217,25007,Dukes,693183.6
1218,25009,Essex,335947.4
1219,25011,Franklin,179692.6
1220,25013,Hampden,178085.2
1221,25015,Hampshire,227457.3
1222,25017,Middlesex,415053.9
1223,25019,Nantucket,1073451.1
1224,25021,Norfolk,409003.7
1225,25023,Plymouth,310242.8
1226,25025,Suffolk,525416.4
1227,25027,Worcester,242092.1
1228,26001,Alcona,134105.7
1229,26003,Alger,145392.2
1230,26005,Allegan,170601.2
1231,26007,Alpena,123338.8
1232,26009,Antrim,210435.3
1233,26011,Arenac,108614.0
1234,26013,Baraga,136951.2
1235,26015,Barry,160773.7
1236,26017,Bay,102601.5
1237,26019,Benzie,192455.5
1238,26021,Berrien,177050.1
1239,26023,Branch,125606.9
1240,26025,Calhoun,131329.7
1241,26027,Cass,164237.9
1242,26029,Charlevoix,249444.4
1243,26031,Cheboygan,175137.3
1244,26033,Chippewa,119344.3
1245,26035,Clare,103844.7
1246,26037,Clinton,166103.0
1247,26039,Crawford,113701.3
1248,26041,Delta,126578.9
1249,26043,Dickinson,122335.9
1250,26045,Eaton,145342.9
1251,26047,Emmet,259744.8
1252,26049,Genesee,144643.8
1253,26051,Gladwin,111173.0
1254,26053,Gogebic,109099.1
1255,26055,Grand Traverse,206968.7
1256,26057,Gratiot,104334.3
1257,26059,Hillsdale,124204.4
1258,26061,Houghton,139150.3
1259,26063,Huron,119945.9
1260,26065,Ingham,148380.7
1261,26067,Ionia,133037.7
1262,26069,Iosco,110504.6
1263,26071,Iron,92661.3
1264,26073,Isabella,134727.6
1265,26075,Jackson,141036.8
1266,26077,Kalamazoo,162420.5
1267,26079,Kalkaska,139345.8
1268,26081,Kent,174200.8
1269,26083,Keweenaw,128548.4
1270,26085,Lake,112684.9
1271,26087,Lapeer,169693.9
1272,26089,Leelanau,272771.7
1273,26091,Lenawee,140040.0
1274,26093,Livingston,215613.5
1275,26095,Luce,109666.7
1276,26097,Mackinac,149378.4
1277,26099,Macomb,164218.8
1278,26101,Manistee,141019.0
1279,26103,Marquette,166364.5
1280,26105,Mason,148495.7
1281,26107,Mecosta,125830.2
1282,26109,Menominee,146625.8
1283,26111,Midland,149429.8
1284,26113,Missaukee,122351.5
1285,26115,Monroe,151736.2
1286,26117,Montcalm,121524.0
1287,26119,Montmorency,110547.9
1288,26121,Muskegon,137698.0
1289,26123,Newaygo,134705.2
1290,26125,Oakland,231116.3
1291,26127,Oceana,146055.0
1292,26129,Ogemaw,104181.8
1293,26131,Ontonagon,115819.7
1294,26133,Osceola,104861.7
1295,26135,Oscoda,89045.5
1296,26137,Otsego,126944.8
1297,26139,Ottawa,181604.5
1298,26141,Presque Isle,129378.4
1299,26143,Roscommon,117610.0
1300,26145,Saginaw,130449.4
1301,26147,St. Clair,148003.2
1302,26149,St. Joseph,134870.4
1303,26151,Sanilac,134963.5
1304,26153,Schoolcraft,98983.1
1305,26155,Shiawassee,125297.7
1306,26157,Tuscola,108524.5
1307,26159,Van Buren,161307.7
1308,26161,Washtenaw,237744.8
1309,26163,Wayne,165283.3
1310,26165,Wexford,126014.3
1311,27001,Aitkin,170017.7
1312,27003,Anoka,213664.1
1313,27005,Becker,208901.0
1314,27007,Beltrami,159287.5
1315,27009,Benton,179511.5
1316,27011,Big Stone,131633.7
1317,27013,Blue Earth,211067.8
1318,27015,Brown,134319.8
1319,27017,Carlton,158750.0
1320,27019,Carver,275402.0
1321,27021,Cass,216093.6
1322,27023,Chippewa,121511.6
1323,27025,Chisago,205357.8
1324,27027,Clay,193737.0
1325,27029,Clearwater,130259.3
1326,27031,Cook,237500.0
1327,27033,Cottonwood,151352.2
1328,27035,Crow Wing,221477.8
1329,27037,Dakota,227350.9
1330,27039,Dodge,168834.9
1331,27041,Douglas,199249.0
1332,27043,Faribault,109650.2
1333,27045,Fillmore,132683.1
1334,27047,Freeborn,119835.4
1335,27049,Goodhue,188577.6
1336,27051,Grant,128719.0
1337,27053,Hennepin,272262.7
1338,27055,Houston,148537.5
1339,27057,Hubbard,185249.0
1340,27059,Isanti,187804.5
1341,27061,Itasca,157821.8
1342,27063,Jackson,113592.6
1343,27065,Kanabec,157755.5
1344,27067,Kandiyohi,172523.0
1345,27069,Kittson,121875.0
1346,27071,Koochiching,115791.7
1347,27073,Lac qui Parle,132763.2
1348,27075,Lake,190217.4
1349,27077,Lake of the Woods,133102.2
1350,27079,Le Sueur,195540.5
1351,27081,Lincoln,112222.2
1352,27083,Lyon,147307.7
1353,27085,McLeod,176693.8
1354,27087,Mahnomen,131031.7
1355,27089,Marshall,116358.7
1356,27091,Martin,140714.3
1357,27093,Meeker,166800.0
1358,27095,Mille Lacs,159620.4
1359,27097,Morrison,172991.9
1360,27099,Mower,135706.3
1361,27101,Murray,117477.9
1362,27103,Nicollet,183965.2
1363,27105,Nobles,146015.2
1364,27107,Norman,114082.6
1365,27109,Olmsted,205545.9
1366,27111,Otter Tail,190056.4
1367,27113,Pennington,134723.2
1368,27115,Pine,165491.6
1369,27117,Pipestone,128605.4
1370,27119,Polk,160894.0
1371,27121,Pope,181654.7
1372,27123,Ramsey,212807.9
1373,27125,Red Lake,119655.2
1374,27127,Redwood,112640.4
1375,27129,Renville,114311.7
1376,27131,Rice,198287.2
1377,27133,Rock,146435.2
1378,27135,Roseau,150281.7
1379,27137,St. Louis,169293.7
1380,27139,Scott,248765.0
1381,27141,Sherburne,210757.3
1382,27143,Sibley,160326.6
1383,27145,Stearns,183515.2
1384,27147,Steele,176109.9
1385,27149,Stevens,126288.3
1386,27151,Swift,107794.1
1387,27153,Todd,150828.1
1388,27155,Traverse,132435.9
1389,27157,Wabasha,165900.8
1390,27159,Wadena,130561.5
1391,27161,Waseca,143015.7
1392,27163,Washington,256081.0
1393,27165,Watonwan,109171.4
1394,27167,Wilkin,119375.0
1395,27169,Winona,137989.9
1396,27171,Wright,223088.3
1397,27173,Yellow Medicine,108712.1
1398,28001,Adams,134882.8
1399,28003,Alcorn,120292.0
1400,28005,Amite,112483.4
1401,28007,Attala,109082.6
1402,28009,Benton,87592.6
1403,28011,Bolivar,125084.5
1404,28013,Calhoun,88860.8
1405,28015,Carroll,116747.6
1406,28017,Chickasaw,76867.5
1407,28019,Choctaw,97826.1
1408,28021,Claiborne,76132.1
1409,28023,Clarke,104587.6
1410,28025,Clay,109150.9
1411,28027,Coahoma,107000.0
1412,28029,Copiah,111962.0
1413,28031,Covington,98357.4
1414,28033,DeSoto,178894.3
1415,28035,Forrest,152054.7
1416,28037,Franklin,134420.3
1417,28039,George,128234.7
1418,28041,Greene,109078.2
1419,28043,Grenada,111100.8
1420,28045,Hancock,168065.6
1421,28047,Harrison,171205.9
1422,28049,Hinds,167493.9
1423,28051,Holmes,81206.9
1424,28053,Humphreys,78194.4
1425,28055,Issaquena,250000.0
1426,28057,Itawamba,105167.9
1427,28059,Jackson,158673.6
1428,28061,Jasper,101255.5
1429,28063,Jefferson,102941.2
1430,28065,Jefferson Davis,68504.3
1431,28067,Jones,111254.2
1432,28069,Kemper,81911.8
1433,28071,Lafayette,216234.2
1434,28073,Lamar,181924.9
1435,28075,Lauderdale,146487.1
1436,28077,Lawrence,104112.9
1437,28079,Leake,96968.5
1438,28081,Lee,139163.0
1439,28083,Leflore,112556.6
1440,28085,Lincoln,134557.7
1441,28087,Lowndes,150767.1
1442,28089,Madison,232226.8
1443,28091,Marion,84273.7
1444,28093,Marshall,112752.6
1445,28095,Monroe,90088.6
1446,28097,Montgomery,104166.7
1447,28099,Neshoba,101256.5
1448,28101,Newton,90574.3
1449,28103,Noxubee,92916.7
1450,28105,Oktibbeha,195500.5
1451,28107,Panola,114456.7
1452,28109,Pearl River,141616.1
1453,28111,Perry,94375.0
1454,28113,Pike,126258.0
1455,28115,Pontotoc,123094.2
1456,28117,Prentiss,89400.0
1457,28119,Quitman,91666.7
1458,28121,Rankin,174048.5
1459,28123,Scott,90576.4
1460,28125,Sharkey,86428.6
1461,28127,Simpson,115939.2
1462,28129,Smith,97727.3
1463,28131,Stone,145242.9
1464,28133,Sunflower,74740.3
1465,28135,Tallahatchie,98376.6
1466,28137,Tate,136349.8
1467,28139,Tippah,105947.4
1468,28141,Tishomingo,114263.5
1469,28143,Tunica,191075.9
1470,28145,Union,135344.0
1471,28147,Walthall,84766.4
1472,28149,Warren,139852.5
1473,28151,Washington,83243.0
1474,28153,Wayne,119879.2
1475,28155,Webster,117986.1
1476,28157,Wilkinson,131888.9
1477,28159,Winston,82620.8
1478,28161,Yalobusha,105165.7
1479,28163,Yazoo,104333.3
1480,29001,Adair,141852.6
1481,29003,Andrew,152089.7
1482,29005,Atchison,79117.6
1483,29007,Audrain,103477.2
1484,29009,Barry,125685.9
1485,29011,Barton,103089.2
1486,29013,Bates,129604.1
1487,29015,Benton,123410.1
1488,29017,Bollinger,123359.8
1489,29019,Boone,211468.8
1490,29021,Buchanan,131415.3
1491,29023,Butler,117382.2
1492,29025,Caldwell,128160.9
1493,29027,Callaway,150035.3
1494,29029,Camden,211491.2
1495,29031,Cape Girardeau,173691.0
1496,29033,Carroll,109500.0
1497,29035,Carter,117738.1
1498,29037,Cass,205902.7
1499,29039,Cedar,113876.4
1500,29041,Chariton,120581.4
1501,29043,Christian,185088.1
1502,29045,Clark,137333.3
1503,29047,Clay,188111.5
1504,29049,Clinton,158118.3
1505,29051,Cole,165112.9
1506,29053,Cooper,142278.5
1507,29055,Crawford,135385.4
1508,29057,Dade,113549.6
1509,29059,Dallas,124476.7
1510,29061,Daviess,172719.3
1511,29063,DeKalb,135483.9
1512,29065,Dent,129247.8
1513,29067,Douglas,111687.5
1514,29069,Dunklin,88855.0
1515,29071,Franklin,170669.3
1516,29073,Gasconade,132102.8
1517,29075,Gentry,114117.6
1518,29077,Greene,168117.3
1519,29079,Grundy,99301.1
1520,29081,Harrison,93983.1
1521,29083,Henry,144281.0
1522,29085,Hickory,99878.0
1523,29087,Holt,97031.3
1524,29089,Howard,124365.9
1525,29091,Howell,139644.8
1526,29093,Iron,101738.0
1527,29095,Jackson,182194.4
1528,29097,Jasper,127940.1
1529,29099,Jefferson,171073.5
1530,29101,Johnson,179309.0
1531,29103,Knox,105666.7
1532,29105,Laclede,131310.9
1533,29107,Lafayette,146109.8
1534,29109,Lawrence,124532.0
1535,29111,Lewis,114247.3
1536,29113,Lincoln,181240.3
1537,29115,Linn,94357.1
1538,29117,Livingston,115940.6
1539,29119,McDonald,120371.6
1540,29121,Macon,108609.5
1541,29123,Madison,119755.6
1542,29125,Maries,131067.4
1543,29127,Marion,122609.9
1544,29129,Mercer,97600.0
1545,29131,Miller,170662.4
1546,29133,Mississippi,92313.4
1547,29135,Moniteau,138417.7
1548,29137,Monroe,123381.0
1549,29139,Montgomery,129345.8
1550,29141,Morgan,168639.9
1551,29143,New Madrid,110477.4
1552,29145,Newton,142066.9
1553,29147,Nodaway,139824.4
1554,29149,Oregon,100169.5
1555,29151,Osage,149763.4
1556,29153,Ozark,126842.1
1557,29155,Pemiscot,92156.9
1558,29157,Perry,137067.7
1559,29159,Pettis,146757.3
1560,29161,Phelps,153104.3
1561,29163,Pike,121345.5
1562,29165,Platte,232052.8
1563,29167,Polk,135269.9
1564,29169,Pulaski,157238.9
1565,29171,Putnam,149117.6
1566,29173,Ralls,123790.7
1567,29175,Randolph,120427.9
1568,29177,Ray,145931.5
1569,29179,Reynolds,96279.1
1570,29181,Ripley,111338.0
1571,29183,St. Charles,204328.9
1572,29185,St. Clair,107700.0
1573,29186,Ste. Genevieve,154532.5
1574,29187,St. Francois,137326.3
1575,29189,St. Louis,238746.9
1576,29195,Saline,108701.4
1577,29197,Schuyler,140925.9
1578,29199,Scotland,130454.5
1579,29201,Scott,121222.5
1580,29203,Shannon,122647.1
1581,29205,Shelby,102272.7
1582,29207,Stoddard,121203.3
1583,29209,Stone,183845.2
1584,29211,Sullivan,92872.3
1585,29213,Taney,160731.4
1586,29215,Texas,115026.9
1587,29217,Vernon,119082.3
1588,29219,Warren,184973.6
1589,29221,Washington,118398.5
1590,29223,Wayne,99657.5
1591,29225,Webster,147606.8
1592,29227,Worth,105416.7
1593,29229,Wright,112295.4
1594,29510,St. Louis city,188190.3
1595,30001,Beaverhead,176428.6
1596,30003,Big Horn,125701.8
1597,30005,Blaine,122346.9
1598,30007,Broadwater,232924.5
1599,30009,Carbon,215630.4
1600,30011,Carter,155000.0
1601,30013,Cascade,183975.8
1602,30015,Chouteau,119857.1
1603,30017,Custer,136074.8
1604,30019,Daniels,151428.6
1605,30021,Dawson,139844.7
1606,30023,Deer Lodge,133509.6
1607,30025,Fallon,128589.7
1608,30027,Fergus,150642.2
1609,30029,Flathead,281233.6
1610,30031,Gallatin,350035.0
1611,30033,Garfield,180555.6
1612,30035,Glacier,105679.6
1613,30037,Golden Valley,109545.5
1614,30039,Granite,232105.3
1615,30041,Hill,168104.8
1616,30043,Jefferson,250756.8
1617,30045,Judith Basin,142575.8
1618,30047,Lake,275115.4
1619,30049,Lewis and Clark,221922.0
1620,30051,Liberty,97105.3
1621,30053,Lincoln,186954.7
1622,30055,McCone,161250.0
1623,30057,Madison,1090561.2
1624,30059,Meagher,180000.0
1625,30061,Mineral,196901.4
1626,30063,Missoula,236516.6
1627,30065,Musselshell,169714.3
1628,30067,Park,271212.4
1629,30069,Petroleum,125000.0
1630,30071,Phillips,156800.0
1631,30073,Pondera,132710.8
1632,30075,Powder River,140714.3
1633,30077,Powell,313254.0
1634,30079,Prairie,72500.0
1635,30081,Ravalli,241876.4
1636,30083,Richland,214697.0
1637,30085,Roosevelt,179727.3
1638,30087,Rosebud,126323.5
1639,30089,Sanders,190921.1
1640,30091,Sheridan,128414.6
1641,30093,Silver Bow,159304.6
1642,30095,Stillwater,231935.5
1643,30097,Sweet Grass,205579.7
1644,30099,Teton,163846.2
1645,30101,Toole,128396.2
1646,30103,Treasure,138333.3
1647,30105,Valley,162065.2
1648,30107,Wheatland,414000.0
1649,30109,Wibaux,97500.0
1650,30111,Yellowstone,212617.7
1651,31001,Adams,148009.7
1652,31003,Antelope,88684.2
1653,31005,Arthur,45000.0
1654,31007,Banner,131666.7
1655,31009,Blaine,75000.0
1656,31011,Boone,137500.0
1657,31013,Box Butte,106012.7
1658,31015,Boyd,162272.7
1659,31017,Brown,99878.0
1660,31019,Buffalo,178897.1
1661,31021,Burt,123434.8
1662,31023,Butler,120044.2
1663,31025,Cass,187815.1
1664,31027,Cedar,123356.2
1665,31029,Chase,131229.5
1666,31031,Cherry,119777.8
1667,31033,Cheyenne,146831.0
1668,31035,Clay,116630.4
1669,31037,Colfax,101335.9
1670,31039,Cuming,143043.5
1671,31041,Custer,120929.2
1672,31043,Dakota,133932.0
1673,31045,Dawes,114452.1
1674,31047,Dawson,132487.2
1675,31049,Deuel,87142.9
1676,31051,Dixon,116351.4
1677,31053,Dodge,141882.1
1678,31055,Douglas,194737.2
1679,31057,Dundy,97142.9
1680,31059,Fillmore,115937.5
1681,31061,Franklin,84705.9
1682,31063,Frontier,118333.3
1683,31065,Furnas,92600.0
1684,31067,Gage,126753.7
1685,31069,Garden,71666.7
1686,31071,Garfield,122272.7
1687,31073,Gosper,133000.0
1688,31075,Grant,123000.0
1689,31077,Greeley,160000.0
1690,31079,Hall,153633.2
1691,31081,Hamilton,181928.8
1692,31083,Harlan,125975.6
1693,31085,Hayes,141666.7
1694,31087,Hitchcock,94090.9
1695,31089,Holt,105757.6
1696,31091,Hooker,100000.0
1697,31093,Howard,149370.4
1698,31095,Jefferson,117197.8
1699,31097,Johnson,117000.0
1700,31099,Kearney,146500.0
1701,31101,Keith,121906.8
1702,31103,Keya Paha,81666.7
1703,31105,Kimball,92291.7
1704,31107,Knox,141923.1
1705,31109,Lancaster,189268.3
1706,31111,Lincoln,131403.9
1707,31113,Logan,100000.0
1708,31115,Loup,277857.1
1709,31117,McPherson,30000.0
1710,31119,Madison,173493.9
1711,31121,Merrick,121347.3
1712,31123,Morrill,103260.9
1713,31125,Nance,107500.0
1714,31127,Nemaha,117727.3
1715,31129,Nuckolls,321888.9
1716,31131,Otoe,153853.9
1717,31133,Pawnee,80384.6
1718,31135,Perkins,87115.4
1719,31137,Phelps,123740.7
1720,31139,Pierce,143627.5
1721,31141,Platte,158789.1
1722,31143,Polk,104270.8
1723,31145,Red Willow,129950.5
1724,31147,Richardson,92835.1
1725,31149,Rock,108333.3
1726,31151,Saline,149782.6
1727,31153,Sarpy,200715.1
1728,31155,Saunders,213855.7
1729,31157,Scotts Bluff,146418.9
1730,31159,Seward,167445.9
1731,31161,Sheridan,86639.3
1732,31163,Sherman,107307.7
1733,31165,Sioux,131250.0
1734,31167,Stanton,139222.2
1735,31169,Thayer,115303.0
1736,31171,Thomas,65000.0
1737,31173,Thurston,120806.5
1738,31175,Valley,84464.3
1739,31177,Washington,212391.3
1740,31179,Wayne,174047.6
1741,31181,Webster,103260.9
1742,31183,Wheeler,133000.0
1743,31185,York,140820.9
1744,32001,Churchill,206562.5
1745,32003,Clark,261717.8
1746,32005,Douglas,341346.2
1747,32007,Elko,218090.4
1748,32009,Esmeralda,135000.0
1749,32011,Eureka,175000.0
1750,32013,Humboldt,195183.3
1751,32015,Lander,172254.9
1752,32017,Lincoln,140319.1
1753,32019,Lyon,220163.0
1754,32021,Mineral,99736.8
1755,32023,Nye,190399.1
1756,32027,Pershing,125476.2
1757,32029,Storey,233987.9
1758,32031,Washoe,304519.1
1759,32033,White Pine,154187.5
1760,32510,Carson City city,250172.7
1761,33001,Belknap,235475.0
1762,33003,Carroll,239172.1
1763,33005,Cheshire,185278.3
1764,33007,Coos,132318.3
1765,33009,Grafton,211760.7
1766,33011,Hillsborough,238304.5
1767,33013,Merrimack,218153.4
1768,33015,Rockingham,278236.9
1769,33017,Strafford,230509.2
1770,33019,Sullivan,185040.4
1771,34001,Atlantic,217113.0
1772,34003,Bergen,388727.4
1773,34005,Burlington,215626.6
1774,34007,Camden,187265.5
1775,34009,Cape May,392704.9
1776,34011,Cumberland,162312.1
1777,34013,Essex,389918.9
1778,34015,Gloucester,186428.2
1779,34017,Hudson,447815.1
1780,34019,Hunterdon,281935.5
1781,34021,Mercer,269307.3
1782,34023,Middlesex,278347.5
1783,34025,Monmouth,353010.7
1784,34027,Morris,350906.0
1785,34029,Ocean,269965.3
1786,34031,Passaic,295530.0
1787,34033,Salem,165905.7
1788,34035,Somerset,337606.6
1789,34037,Sussex,217540.5
1790,34039,Union,350282.3
1791,34041,Warren,201617.8
1792,35001,Bernalillo,197747.7
1793,35003,Catron,140151.5
1794,35005,Chaves,149907.9
1795,35006,Cibola,100094.3
1796,35007,Colfax,212132.1
1797,35009,Curry,160682.1
1798,35011,De Baca,150000.0
1799,35013,Dona Ana,174326.7
1800,35015,Eddy,194827.0
1801,35017,Grant,152222.2
1802,35019,Guadalupe,127857.1
1803,35021,Harding,87500.0
1804,35023,Hidalgo,90000.0
1805,35025,Lea,189611.2
1806,35027,Lincoln,199642.2
1807,35028,Los Alamos,289404.1
1808,35029,Luna,124275.4
1809,35031,McKinley,140559.3
1810,35033,Mora,162931.0
1811,35035,Otero,158065.3
1812,35037,Quay,101041.7
1813,35039,Rio Arriba,172714.3
1814,35041,Roosevelt,133535.4
1815,35043,Sandoval,199704.3
1816,35045,San Juan,172248.6
1817,35047,San Miguel,167462.9
1818,35049,Santa Fe,304091.8
1819,35051,Sierra,128827.2
1820,35053,Socorro,125902.3
1821,35055,Taos,218223.9
1822,35057,Torrance,126322.8
1823,35059,Union,122391.3
1824,35061,Valencia,158425.3
1825,36001,Albany,187487.3
1826,36003,Allegany,83296.3
1827,36005,Bronx,726330.0
1828,36007,Broome,117168.5
1829,36009,Cattaraugus,100833.3
1830,36011,Cayuga,116328.1
1831,36013,Chautauqua,114935.4
1832,36015,Chemung,101397.9
1833,36017,Chenango,103335.8
1834,36019,Clinton,146957.8
1835,36021,Columbia,210199.1
1836,36023,Cortland,114503.3
1837,36025,Delaware,137448.0
1838,36027,Dutchess,235172.2
1839,36029,Erie,159328.8
1840,36031,Essex,198225.8
1841,36033,Franklin,133003.9
1842,36035,Fulton,128452.1
1843,36037,Genesee,114007.6
1844,36039,Greene,174832.9
1845,36041,Hamilton,170852.3
1846,36043,Herkimer,113693.3
1847,36045,Jefferson,136614.5
1848,36047,Kings,777671.1
1849,36049,Lewis,96965.2
1850,36051,Livingston,138230.1
1851,36053,Madison,132526.4
1852,36055,Monroe,133029.5
1853,36057,Montgomery,104551.6
1854,36059,Nassau,399944.6
1855,36061,New York,1255903.3
1856,36063,Niagara,129070.3
1857,36065,Oneida,115933.4
1858,36067,Onondaga,140721.0
1859,36069,Ontario,158401.8
1860,36071,Orange,238086.5
1861,36073,Orleans,95677.2
1862,36075,Oswego,108987.7
1863,36077,Otsego,140122.8
1864,36079,Putnam,272161.2
1865,36081,Queens,472473.0
1866,36083,Rensselaer,158451.5
1867,36085,Richmond,360892.4
1868,36087,Rockland,348451.8
1869,36089,St. Lawrence,103964.8
1870,36091,Saratoga,218755.2
1871,36093,Schenectady,151316.8
1872,36095,Schoharie,128766.9
1873,36097,Schuyler,128717.9
1874,36099,Seneca,127956.2
1875,36101,Steuben,103013.9
1876,36103,Suffolk,379531.6
1877,36105,Sullivan,163618.5
1878,36107,Tioga,111379.7
1879,36109,Tompkins,206096.4
1880,36111,Ulster,207673.8
1881,36113,Warren,200892.0
1882,36115,Washington,140304.6
1883,36117,Wayne,110466.5
1884,36119,Westchester,473846.2
1885,36121,Wyoming,115684.9
1886,36123,Yates,158058.2
1887,37001,Alamance,160335.0
1888,37003,Alexander,156198.4
1889,37005,Alleghany,160089.6
1890,37007,Anson,124177.6
1891,37009,Ashe,177656.9
1892,37011,Avery,259912.5
1893,37013,Beaufort,157207.0
1894,37015,Bertie,116751.4
1895,37017,Bladen,132354.5
1896,37019,Brunswick,221328.8
1897,37021,Buncombe,243738.4
1898,37023,Burke,143193.4
1899,37025,Cabarrus,207455.5
1900,37027,Caldwell,146467.2
1901,37029,Camden,228500.0
1902,37031,Carteret,246618.2
1903,37033,Caswell,139472.0
1904,37035,Catawba,183473.2
1905,37037,Chatham,270321.8
1906,37039,Cherokee,141622.7
1907,37041,Chowan,157184.6
1908,37043,Clay,177784.8
1909,37045,Cleveland,139525.0
1910,37047,Columbus,120803.4
1911,37049,Craven,172233.0
1912,37051,Cumberland,167000.3
1913,37053,Currituck,306700.8
1914,37055,Dare,310655.1
1915,37057,Davidson,153277.8
1916,37059,Davie,172586.7
1917,37061,Duplin,131346.2
1918,37063,Durham,218137.5
1919,37065,Edgecombe,104826.7
1920,37067,Forsyth,180022.4
1921,37069,Franklin,194047.4
1922,37071,Gaston,176788.1
1923,37073,Gates,178853.7
1924,37075,Graham,157873.6
1925,37077,Granville,188007.6
1926,37079,Greene,109182.7
1927,37081,Guilford,184960.4
1928,37083,Halifax,136355.9
1929,37085,Harnett,182933.3
1930,37087,Haywood,181609.0
1931,37089,Henderson,206819.5
1932,37091,Hertford,100000.0
1933,37093,Hoke,182772.9
1934,37095,Hyde,181250.0
1935,37097,Iredell,243048.3
1936,37099,Jackson,280542.5
1937,37101,Johnston,192690.6
1938,37103,Jones,133275.9
1939,37105,Lee,165112.0
1940,37107,Lenoir,122455.9
1941,37109,Lincoln,223762.2
1942,37111,McDowell,170965.3
1943,37113,Macon,216434.6
1944,37115,Madison,188811.5
1945,37117,Martin,100172.4
1946,37119,Mecklenburg,265803.1
1947,37121,Mitchell,141807.9
1948,37123,Montgomery,167965.5
1949,37125,Moore,242432.0
1950,37127,Nash,145747.1
1951,37129,New Hanover,249167.3
1952,37131,Northampton,167074.7
1953,37133,Onslow,179672.4
1954,37135,Orange,264794.2
1955,37137,Pamlico,177320.3
1956,37139,Pasquotank,165889.8
1957,37141,Pender,235708.8
1958,37143,Perquimans,161724.1
1959,37145,Person,169412.5
1960,37147,Pitt,172431.3
1961,37149,Polk,199561.7
1962,37151,Randolph,137557.0
1963,37153,Richmond,110058.2
1964,37155,Robeson,101147.7
1965,37157,Rockingham,131454.7
1966,37159,Rowan,157275.5
1967,37161,Rutherford,150211.3
1968,37163,Sampson,129019.4
1969,37165,Scotland,115144.6
1970,37167,Stanly,163828.0
1971,37169,Stokes,132023.3
1972,37171,Surry,131236.8
1973,37173,Swain,165918.4
1974,37175,Transylvania,219071.6
1975,37177,Tyrrell,124411.8
1976,37179,Union,254044.6
1977,37181,Vance,144887.0
1978,37183,Wake,257350.2
1979,37185,Warren,212425.0
1980,37187,Washington,106900.0
1981,37189,Watauga,244077.8
1982,37191,Wayne,156993.2
1983,37193,Wilkes,134390.9
1984,37195,Wilson,144884.8
1985,37197,Yadkin,129200.5
1986,37199,Yancey,170724.3
1987,38001,Adams,149137.9
1988,38003,Barnes,177270.5
1989,38005,Benson,130555.6
1990,38007,Billings,387500.0
1991,38009,Bottineau,185900.0
1992,38011,Bowman,167963.0
1993,38013,Burke,176428.6
1994,38015,Burleigh,233128.0
1995,38017,Cass,227792.0
1996,38019,Cavalier,130952.4
1997,38021,Dickey,127500.0
1998,38023,Divide,158448.3
1999,38025,Dunn,262500.0
2000,38027,Eddy,130652.2
2001,38029,Emmons,116794.9
2002,38031,Foster,138728.8
2003,38033,Golden Valley,134600.0
2004,38035,Grand Forks,201951.7
2005,38037,Grant,140882.4
2006,38039,Griggs,99782.6
2007,38041,Hettinger,124090.9
2008,38043,Kidder,166578.9
2009,38045,LaMoure,127075.5
2010,38047,Logan,125000.0
2011,38049,McHenry,166000.0
2012,38051,McIntosh,76111.1
2013,38053,McKenzie,335342.9
2014,38055,McLean,180207.1
2015,38057,Mercer,199460.4
2016,38059,Morton,217564.1
2017,38061,Mountrail,273000.0
2018,38063,Nelson,122941.2
2019,38065,Oliver,173076.9
2020,38067,Pembina,118846.2
2021,38069,Pierce,124038.5
2022,38071,Ramsey,151728.1
2023,38073,Ransom,138764.7
2024,38075,Renville,153000.0
2025,38077,Richland,141319.6
2026,38079,Rolette,110512.8
2027,38081,Sargent,132142.9
2028,38083,Sheridan,143333.3
2029,38085,Sioux,145000.0
2030,38087,Slope,130000.0
2031,38089,Stark,241041.1
2032,38091,Steele,151111.1
2033,38093,Stutsman,172881.9
2034,38095,Towner,95000.0
2035,38097,Traill,155053.2
2036,38099,Walsh,122142.9
2037,38101,Ward,209271.1
2038,38103,Wells,125000.0
2039,38105,Williams,277476.4
2040,39001,Adams,113759.1
2041,39003,Allen,116384.1
2042,39005,Ashland,125052.2
2043,39007,Ashtabula,113434.9
2044,39009,Athens,146949.9
2045,39011,Auglaize,126572.4
2046,39013,Belmont,123325.5
2047,39015,Brown,134262.5
2048,39017,Butler,173162.3
2049,39019,Carroll,132100.9
2050,39021,Champaign,134386.2
2051,39023,Clark,122882.3
2052,39025,Clermont,174604.9
2053,39027,Clinton,136968.8
2054,39029,Columbiana,110918.5
2055,39031,Coshocton,107654.0
2056,39033,Crawford,102994.4
2057,39035,Cuyahoga,155540.7
2058,39037,Darke,121812.2
2059,39039,Defiance,121031.2
2060,39041,Delaware,255247.2
2061,39043,Erie,145675.6
2062,39045,Fairfield,184672.1
2063,39047,Fayette,141380.3
2064,39049,Franklin,194581.9
2065,39051,Fulton,130528.8
2066,39053,Gallia,130994.8
2067,39055,Geauga,191297.1
2068,39057,Greene,176971.8
2069,39059,Guernsey,114916.6
2070,39061,Hamilton,194920.3
2071,39063,Hancock,155883.6
2072,39065,Hardin,108670.9
2073,39067,Harrison,118947.4
2074,39069,Henry,118911.7
2075,39071,Highland,119793.5
2076,39073,Hocking,148383.0
2077,39075,Holmes,156380.0
2078,39077,Huron,120421.1
2079,39079,Jackson,124748.3
2080,39081,Jefferson,101143.5
2081,39083,Knox,147967.7
2082,39085,Lake,150763.3
2083,39087,Lawrence,126028.6
2084,39089,Licking,173584.4
2085,39091,Logan,134627.6
2086,39093,Lorain,157688.0
2087,39095,Lucas,148344.4
2088,39097,Madison,175562.0
2089,39099,Mahoning,121479.1
2090,39101,Marion,113638.9
2091,39103,Medina,173214.2
2092,39105,Meigs,116955.7
2093,39107,Mercer,136177.5
2094,39109,Miami,155333.6
2095,39111,Monroe,109497.6
2096,39113,Montgomery,142491.1
2097,39115,Morgan,110927.6
2098,39117,Morrow,151916.3
2099,39119,Muskingum,128115.1
2100,39121,Noble,121919.2
2101,39123,Ottawa,172065.6
2102,39125,Paulding,101657.1
2103,39127,Perry,140687.0
2104,39129,Pickaway,169660.2
2105,39131,Pike,140000.0
2106,39133,Portage,159952.6
2107,39135,Preble,122025.2
2108,39137,Putnam,140261.3
2109,39139,Richland,125435.3
2110,39141,Ross,140777.5
2111,39143,Sandusky,114654.5
2112,39145,Scioto,114813.3
2113,39147,Seneca,108887.7
2114,39149,Shelby,132842.8
2115,39151,Stark,139060.1
2116,39153,Summit,150732.7
2117,39155,Trumbull,101939.0
2118,39157,Tuscarawas,131794.8
2119,39159,Union,232536.2
2120,39161,Van Wert,99171.7
2121,39163,Vinton,111882.4
2122,39165,Warren,217935.9
2123,39167,Washington,134619.7
2124,39169,Wayne,136078.7
2125,39171,Williams,101854.3
2126,39173,Wood,162916.4
2127,39175,Wyandot,112282.9
2128,40001,Adair,101269.4
2129,40003,Alfalfa,118953.5
2130,40005,Atoka,149485.3
2131,40007,Beaver,130151.5
2132,40009,Beckham,182094.8
2133,40011,Blaine,125129.9
2134,40013,Bryan,165866.0
2135,40015,Caddo,107811.1
2136,40017,Canadian,180331.5
2137,40019,Carter,132576.7
2138,40021,Cherokee,130886.1
2139,40023,Choctaw,120000.0
2140,40025,Cimarron,93750.0
2141,40027,Cleveland,178616.2
2142,40029,Coal,107682.9
2143,40031,Comanche,151805.3
2144,40033,Cotton,86782.2
2145,40035,Craig,132169.8
2146,40037,Creek,152857.6
2147,40039,Custer,173546.8
2148,40041,Delaware,175746.8
2149,40043,Dewey,141551.7
2150,40045,Ellis,125833.3
2151,40047,Garfield,153918.2
2152,40049,Garvin,123092.3
2153,40051,Grady,161122.3
2154,40053,Grant,105810.8
2155,40055,Greer,95000.0
2156,40057,Harmon,56785.7
2157,40059,Harper,151363.6
2158,40061,Haskell,124056.6
2159,40063,Hughes,85454.5
2160,40065,Jackson,141054.4
2161,40067,Jefferson,73153.8
2162,40069,Johnston,109460.4
2163,40071,Kay,119000.0
2164,40073,Kingfisher,138143.8
2165,40075,Kiowa,78888.9
2166,40077,Latimer,141103.9
2167,40079,Le Flore,118938.1
2168,40081,Lincoln,115356.6
2169,40083,Logan,196126.5
2170,40085,Love,116283.8
2171,40087,McClain,191623.5
2172,40089,McCurtain,240097.1
2173,40091,McIntosh,128617.0
2174,40093,Major,121164.4
2175,40095,Marshall,136552.8
2176,40097,Mayes,152807.3
2177,40099,Murray,128097.3
2178,40101,Muskogee,125902.7
2179,40103,Noble,140076.9
2180,40105,Nowata,104655.2
2181,40107,Okfuskee,93015.3
2182,40109,Oklahoma,190170.4
2183,40111,Okmulgee,122309.8
2184,40113,Osage,165532.7
2185,40115,Ottawa,101210.8
2186,40117,Pawnee,131778.2
2187,40119,Payne,199443.5
2188,40121,Pittsburg,140969.9
2189,40123,Pontotoc,141320.8
2190,40125,Pottawatomie,137206.6
2191,40127,Pushmataha,136571.4
2192,40129,Roger Mills,112272.7
2193,40131,Rogers,186408.9
2194,40133,Seminole,110099.7
2195,40135,Sequoyah,129583.3
2196,40137,Stephens,105599.8
2197,40139,Texas,127463.8
2198,40141,Tillman,69843.8
2199,40143,Tulsa,187767.2
2200,40145,Wagoner,173808.5
2201,40147,Washington,134452.1
2202,40149,Washita,112769.8
2203,40151,Woods,129058.0
2204,40153,Woodward,181769.8
2205,41001,Baker,165295.7
2206,41003,Benton,290365.6
2207,41005,Clackamas,320800.5
2208,41007,Clatsop,275593.8
2209,41009,Columbia,260987.1
2210,41011,Coos,200828.0
2211,41013,Crook,256017.1
2212,41015,Curry,236175.7
2213,41017,Deschutes,306910.3
2214,41019,Douglas,198971.7
2215,41021,Gilliam,123000.0
2216,41023,Grant,173432.8
2217,41025,Harney,138254.0
2218,41027,Hood River,306205.1
2219,41029,Jackson,246789.4
2220,41031,Jefferson,208712.5
2221,41033,Josephine,230368.8
2222,41035,Klamath,189911.5
2223,41037,Lake,145923.1
2224,41039,Lane,236194.3
2225,41041,Lincoln,236561.7
2226,41043,Linn,222900.5
2227,41045,Malheur,157984.4
2228,41047,Marion,246678.0
2229,41049,Morrow,212098.2
2230,41051,Multnomah,319380.5
2231,41053,Polk,249712.9
2232,41055,Sherman,172812.5
2233,41057,Tillamook,252142.9
2234,41059,Umatilla,186272.9
2235,41061,Union,184477.8
2236,41063,Wallowa,194861.1
2237,41065,Wasco,215317.7
2238,41067,Washington,312397.0
2239,41069,Wheeler,155000.0
2240,41071,Yamhill,272045.1
2241,42001,Adams,170067.6
2242,42003,Allegheny,173401.7
2243,42005,Armstrong,104154.3
2244,42007,Beaver,131986.8
2245,42009,Bedford,119026.5
2246,42011,Berks,157284.7
2247,42013,Blair,114811.3
2248,42015,Bradford,125667.9
2249,42017,Bucks,247391.3
2250,42019,Butler,192491.7
2251,42021,Cambria,96994.8
2252,42023,Cameron,80352.1
2253,42025,Carbon,129722.4
2254,42027,Centre,204936.0
2255,42029,Chester,273172.0
2256,42031,Clarion,100478.3
2257,42033,Clearfield,102328.4
2258,42035,Clinton,115650.3
2259,42037,Columbia,136317.4
2260,42039,Crawford,99013.6
2261,42041,Cumberland,170128.7
2262,42043,Dauphin,161176.4
2263,42045,Delaware,231641.2
2264,42047,Elk,91313.4
2265,42049,Erie,122738.1
2266,42051,Fayette,109833.3
2267,42053,Forest,82500.0
2268,42055,Franklin,153534.9
2269,42057,Fulton,150384.6
2270,42059,Greene,113950.2
2271,42061,Huntingdon,128187.3
2272,42063,Indiana,113803.5
2273,42065,Jefferson,91580.1
2274,42067,Juniata,118698.6
2275,42069,Lackawanna,137979.5
2276,42071,Lancaster,173359.5
2277,42073,Lawrence,117893.5
2278,42075,Lebanon,153444.4
2279,42077,Lehigh,190772.3
2280,42079,Luzerne,127659.1
2281,42081,Lycoming,127829.1
2282,42083,McKean,85062.0
2283,42085,Mercer,112021.8
2284,42087,Mifflin,103810.9
2285,42089,Monroe,154682.3
2286,42091,Montgomery,247531.9
2287,42093,Montour,173700.0
2288,42095,Northampton,187641.6
2289,42097,Northumberland,115270.1
2290,42099,Perry,135982.3
2291,42101,Philadelphia,227148.9
2292,42103,Pike,153201.8
2293,42105,Potter,96785.7
2294,42107,Schuylkill,115629.7
2295,42109,Snyder,121485.0
2296,42111,Somerset,111647.2
2297,42113,Sullivan,136073.4
2298,42115,Susquehanna,134960.1
2299,42117,Tioga,115934.5
2300,42119,Union,156834.2
2301,42121,Venango,99732.3
2302,42123,Warren,90708.8
2303,42125,Washington,177871.3
2304,42127,Wayne,144869.9
2305,42129,Westmoreland,135092.9
2306,42131,Wyoming,132437.9
2307,42133,York,161734.0
2308,44001,Bristol,276028.9
2309,44003,Kent,197366.9
2310,44005,Newport,338377.3
2311,44007,Providence,208199.3
2312,44009,Washington,281159.1
2313,45001,Abbeville,131426.4
2314,45003,Aiken,178917.3
2315,45005,Allendale,83250.0
2316,45007,Anderson,175966.6
2317,45009,Bamberg,121024.1
2318,45011,Barnwell,120416.7
2319,45013,Beaufort,306355.9
2320,45015,Berkeley,237004.7
2321,45017,Calhoun,159329.9
2322,45019,Charleston,340437.8
2323,45021,Cherokee,134413.3
2324,45023,Chester,144533.1
2325,45025,Chesterfield,124340.7
2326,45027,Clarendon,145939.3
2327,45029,Colleton,185049.2
2328,45031,Darlington,143511.4
2329,45033,Dillon,110587.2
2330,45035,Dorchester,211370.1
2331,45037,Edgefield,182342.0
2332,45039,Fairfield,186218.8
2333,45041,Florence,163103.1
2334,45043,Georgetown,268344.8
2335,45045,Greenville,216356.6
2336,45047,Greenwood,154517.9
2337,45049,Hampton,109699.5
2338,45051,Horry,186732.8
2339,45053,Jasper,206484.6
2340,45055,Kershaw,175709.8
2341,45057,Lancaster,226843.0
2342,45059,Laurens,146339.8
2343,45061,Lee,108283.6
2344,45063,Lexington,183816.5
2345,45065,McCormick,182298.6
2346,45067,Marion,96124.0
2347,45069,Marlboro,102878.8
2348,45071,Newberry,167651.8
2349,45073,Oconee,224486.7
2350,45075,Orangeburg,133146.3
2351,45077,Pickens,193916.9
2352,45079,Richland,191107.0
2353,45081,Saluda,156811.6
2354,45083,Spartanburg,174733.1
2355,45085,Sumter,154379.5
2356,45087,Union,105798.6
2357,45089,Williamsburg,111926.4
2358,45091,York,235499.5
2359,46003,Aurora,124259.3
2360,46005,Beadle,157181.8
2361,46007,Bennett,88333.3
2362,46009,Bon Homme,125294.1
2363,46011,Brookings,192886.3
2364,46013,Brown,178758.1
2365,46015,Brule,124894.7
2366,46017,Buffalo,65000.0
2367,46019,Butte,169133.3
2368,46021,Campbell,151470.6
2369,46023,Charles Mix,144523.8
2370,46025,Clark,128695.7
2371,46027,Clay,165774.9
2372,46029,Codington,180178.4
2373,46031,Corson,100000.0
2374,46033,Custer,198486.6
2375,46035,Davison,161516.9
2376,46037,Day,142333.3
2377,46039,Deuel,152812.5
2378,46041,Dewey,95000.0
2379,46043,Douglas,132142.9
2380,46045,Edmunds,184090.9
2381,46047,Fall River,146566.3
2382,46049,Faulk,132272.7
2383,46051,Grant,138445.9
2384,46053,Gregory,119193.5
2385,46055,Haakon,129090.9
2386,46057,Hamlin,178928.6
2387,46059,Hand,153064.5
2388,46061,Hanson,152580.6
2389,46063,Harding,112142.9
2390,46065,Hughes,195225.0
2391,46067,Hutchinson,111067.4
2392,46069,Hyde,123750.0
2393,46071,Jackson,153571.4
2394,46073,Jerauld,111363.6
2395,46075,Jones,96666.7
2396,46077,Kingsbury,139285.7
2397,46079,Lake,192697.8
2398,46081,Lawrence,218647.3
2399,46083,Lincoln,248415.5
2400,46085,Lyman,124230.8
2401,46087,McCook,176586.2
2402,46089,McPherson,79117.6
2403,46091,Marshall,123108.1
2404,46093,Meade,210603.6
2405,46095,Mellette,185000.0
2406,46097,Miner,117258.1
2407,46099,Minnehaha,204246.9
2408,46101,Moody,145560.7
2409,46103,Pennington,215091.1
2410,46105,Perkins,100555.6
2411,46107,Potter,110675.7
2412,46109,Roberts,140106.4
2413,46111,Sanborn,115666.7
2414,46115,Spink,115754.7
2415,46117,Stanley,206014.5
2416,46119,Sully,163064.5
2417,46121,Todd,90000.0
2418,46123,Tripp,127926.8
2419,46125,Turner,158788.5
2420,46127,Union,229268.1
2421,46129,Walworth,138246.8
2422,46135,Yankton,188630.8
2423,47001,Anderson,157813.4
2424,47003,Bedford,180902.0
2425,47005,Benton,116583.9
2426,47007,Bledsoe,139166.7
2427,47009,Blount,199440.2
2428,47011,Bradley,172944.9
2429,47013,Campbell,160732.3
2430,47015,Cannon,157039.3
2431,47017,Carroll,107021.7
2432,47019,Carter,125118.9
2433,47021,Cheatham,206138.6
2434,47023,Chester,141268.7
2435,47025,Claiborne,137347.8
2436,47027,Clay,117125.0
2437,47029,Cocke,133536.6
2438,47031,Coffee,163069.8
2439,47033,Crockett,112887.9
2440,47035,Cumberland,150755.7
2441,47037,Davidson,276748.7
2442,47039,Decatur,122889.4
2443,47041,DeKalb,154042.0
2444,47043,Dickson,189366.3
2445,47045,Dyer,128822.1
2446,47047,Fayette,235827.7
2447,47049,Fentress,144795.9
2448,47051,Franklin,172431.1
2449,47053,Gibson,130808.1
2450,47055,Giles,150594.1
2451,47057,Grainger,155757.9
2452,47059,Greene,149540.2
2453,47061,Grundy,105199.3
2454,47063,Hamblen,144920.3
2455,47065,Hamilton,206480.7
2456,47067,Hancock,127784.8
2457,47069,Hardeman,128018.3
2458,47071,Hardin,165123.2
2459,47073,Hawkins,136474.7
2460,47075,Haywood,103155.7
2461,47077,Henderson,125168.9
2462,47079,Henry,124008.4
2463,47081,Hickman,158582.6
2464,47083,Houston,138756.6
2465,47085,Humphreys,139916.9
2466,47087,Jackson,130197.7
2467,47089,Jefferson,180024.2
2468,47091,Johnson,157893.6
2469,47093,Knox,204196.9
2470,47095,Lake,80000.0
2471,47097,Lauderdale,80890.0
2472,47099,Lawrence,142513.0
2473,47101,Lewis,150470.9
2474,47103,Lincoln,152754.3
2475,47105,Loudon,219995.0
2476,47107,McMinn,143813.9
2477,47109,McNairy,105000.0
2478,47111,Macon,144919.2
2479,47113,Madison,165553.1
2480,47115,Marion,152341.2
2481,47117,Marshall,187207.0
2482,47119,Maury,211374.8
2483,47121,Meigs,181422.8
2484,47123,Monroe,156868.5
2485,47125,Montgomery,193854.7
2486,47127,Moore,172630.1
2487,47129,Morgan,124838.7
2488,47131,Obion,111831.9
2489,47133,Overton,145977.2
2490,47135,Perry,140914.0
2491,47137,Pickett,148846.2
2492,47139,Polk,168343.8
2493,47141,Putnam,177286.4
2494,47143,Rhea,169062.5
2495,47145,Roane,170463.8
2496,47147,Robertson,204276.1
2497,47149,Rutherford,221850.7
2498,47151,Scott,115373.8
2499,47153,Sequatchie,147684.9
2500,47155,Sevier,214950.3
2501,47157,Shelby,199974.5
2502,47159,Smith,165204.8
2503,47161,Stewart,146923.1
2504,47163,Sullivan,145743.5
2505,47165,Sumner,235535.5
2506,47167,Tipton,168807.7
2507,47169,Trousdale,192906.1
2508,47171,Unicoi,133133.7
2509,47173,Union,162434.9
2510,47175,Van Buren,135588.2
2511,47177,Warren,142884.9
2512,47179,Washington,176431.7
2513,47181,Wayne,127978.7
2514,47183,Weakley,109783.5
2515,47185,White,129388.5
2516,47187,Williamson,375374.7
2517,47189,Wilson,257093.4
2518,48001,Anderson,160016.3
2519,48003,Andrews,202226.7
2520,48005,Angelina,186948.4
2521,48007,Aransas,231605.5
2522,48009,Archer,174649.1
2523,48011,Armstrong,122435.9
2524,48013,Atascosa,177707.0
2525,48015,Austin,219863.8
2526,48017,Bailey,100348.8
2527,48019,Bandera,210831.6
2528,48021,Bastrop,207509.3
2529,48023,Baylor,118478.3
2530,48025,Bee,210153.8
2531,48027,Bell,191500.6
2532,48029,Bexar,216987.3
2533,48031,Blanco,291578.1
2534,48033,Borden,93333.3
2535,48035,Bosque,144683.5
2536,48037,Bowie,161350.1
2537,48039,Brazoria,218573.9
2538,48041,Brazos,236065.1
2539,48043,Brewster,188239.4
2540,48045,Briscoe,113750.0
2541,48047,Brooks,98750.0
2542,48049,Brown,148562.9
2543,48051,Burleson,161743.5
2544,48053,Burnet,265355.4
2545,48055,Caldwell,166913.6
2546,48057,Calhoun,183422.9
2547,48059,Callahan,139813.4
2548,48061,Cameron,166031.7
2549,48063,Camp,158923.1
2550,48065,Carson,116428.6
2551,48067,Cass,124876.5
2552,48069,Castro,112941.2
2553,48071,Chambers,234315.3
2554,48073,Cherokee,157281.9
2555,48075,Childress,107500.0
2556,48077,Clay,133589.0
2557,48079,Cochran,97142.9
2558,48081,Coke,100135.1
2559,48083,Coleman,120555.6
2560,48085,Collin,291493.7
2561,48087,Collingsworth,77083.3
2562,48089,Colorado,202666.7
2563,48091,Comal,275865.8
2564,48093,Comanche,125425.5
2565,48095,Concho,108333.3
2566,48097,Cooke,219719.9
2567,48099,Coryell,158279.2
2568,48101,Cottle,75000.0
2569,48103,Crane,137413.8
2570,48105,Crockett,109333.3
2571,48107,Crosby,90660.4
2572,48109,Culberson,108529.4
2573,48111,Dallam,111538.5
2574,48113,Dallas,285351.0
2575,48115,Dawson,124469.0
2576,48117,Deaf Smith,114325.2
2577,48119,Delta,128076.9
2578,48121,Denton,280781.9
2579,48123,DeWitt,145634.9
2580,48125,Dickens,79285.7
2581,48127,Dimmit,234600.0
2582,48129,Donley,88437.5
2583,48131,Duval,144090.9
2584,48133,Eastland,133423.4
2585,48135,Ector,193961.7
2586,48137,Edwards,181470.6
2587,48139,Ellis,237719.0
2588,48141,El Paso,158190.6
2589,48143,Erath,188693.4
2590,48145,Falls,127654.3
2591,48147,Fannin,181010.5
2592,48149,Fayette,227807.6
2593,48151,Fisher,113000.0
2594,48153,Floyd,101000.0
2595,48155,Foard,60000.0
2596,48157,Fort Bend,255986.9
2597,48159,Franklin,259774.8
2598,48161,Freestone,146445.8
2599,48163,Frio,137971.0
2600,48165,Gaines,177739.3
2601,48167,Galveston,228107.9
2602,48169,Garza,168191.5
2603,48171,Gillespie,296397.5
2604,48173,Glasscock,202142.9
2605,48175,Goliad,207857.1
2606,48177,Gonzales,153076.9
2607,48179,Gray,112420.5
2608,48181,Grayson,198670.6
2609,48183,Gregg,172205.6
2610,48185,Grimes,198287.0
2611,48187,Guadalupe,215612.5
2612,48189,Hale,119358.1
2613,48191,Hall,73571.4
2614,48193,Hamilton,153518.5
2615,48195,Hansford,137888.9
2616,48197,Hardeman,70384.6
2617,48199,Hardin,175008.0
2618,48201,Harris,252549.9
2619,48203,Harrison,180251.9
2620,48205,Hartley,177087.9
2621,48207,Haskell,91511.6
2622,48209,Hays,262023.6
2623,48211,Hemphill,140666.7
2624,48213,Henderson,210809.6
2625,48215,Hidalgo,179150.8
2626,48217,Hill,153780.9
2627,48219,Hockley,138019.5
2628,48221,Hood,224122.5
2629,48223,Hopkins,173116.9
2630,48225,Houston,152339.9
2631,48227,Howard,172009.5
2632,48229,Hudspeth,97500.0
2633,48231,Hunt,199129.9
2634,48233,Hutchinson,112164.2
2635,48235,Irion,208157.9
2636,48237,Jack,151039.6
2637,48239,Jackson,162142.9
2638,48241,Jasper,157997.6
2639,48243,Jeff Davis,188461.5
2640,48245,Jefferson,172960.3
2641,48247,Jim Hogg,157692.3
2642,48249,Jim Wells,152658.4
2643,48251,Johnson,210856.9
2644,48253,Jones,140188.7
2645,48255,Karnes,187307.7
2646,48257,Kaufman,212474.6
2647,48259,Kendall,337765.0
2648,48261,Kenedy,120000.0
2649,48263,Kent,189545.5
2650,48265,Kerr,224482.6
2651,48267,Kimble,181000.0
2652,48269,King,111666.7
2653,48271,Kinney,101363.6
2654,48273,Kleberg,178483.9
2655,48275,Knox,78888.9
2656,48277,Lamar,151926.1
2657,48279,Lamb,102692.3
2658,48281,Lampasas,199050.9
2659,48283,La Salle,237580.6
2660,48285,Lavaca,160060.2
2661,48287,Lee,187114.7
2662,48289,Leon,169488.9
2663,48291,Liberty,154061.1
2664,48293,Limestone,144254.9
2665,48295,Lipscomb,94655.2
2666,48297,Live Oak,158806.0
2667,48299,Llano,326944.4
2668,48301,Loving,95000.0
2669,48303,Lubbock,189823.8
2670,48305,Lynn,208602.9
2671,48307,McCulloch,158095.2
2672,48309,McLennan,195632.6
2673,48311,McMullen,149000.0
2674,48313,Madison,156265.1
2675,48315,Marion,132931.0
2676,48317,Martin,174322.0
2677,48319,Mason,173947.4
2678,48321,Matagorda,166984.3
2679,48323,Maverick,151066.0
2680,48325,Medina,229449.4
2681,48327,Menard,101250.0
2682,48329,Midland,268199.6
2683,48331,Milam,160436.0
2684,48333,Mills,146875.0
2685,48335,Mitchell,121973.7
2686,48337,Montague,152377.5
2687,48339,Montgomery,253025.5
2688,48341,Moore,153408.3
2689,48343,Morris,111809.8
2690,48345,Motley,62142.9
2691,48347,Nacogdoches,157237.7
2692,48349,Navarro,183408.2
2693,48351,Newton,121796.9
2694,48353,Nolan,128879.8
2695,48355,Nueces,201567.9
2696,48357,Ochiltree,151428.6
2697,48359,Oldham,128076.9
2698,48361,Orange,159066.0
2699,48363,Palo Pinto,251884.6
2700,48365,Panola,150643.9
2701,48367,Parker,255526.6
2702,48369,Parmer,120333.3
2703,48371,Pecos,126684.8
2704,48373,Polk,166326.7
2705,48375,Potter,155901.5
2706,48377,Presidio,196785.7
2707,48379,Rains,167238.1
2708,48381,Randall,189669.9
2709,48383,Reagan,142073.2
2710,48385,Real,181935.5
2711,48387,Red River,127631.6
2712,48389,Reeves,176188.1
2713,48391,Refugio,157000.0
2714,48393,Roberts,115000.0
2715,48395,Robertson,192842.3
2716,48397,Rockwall,266966.3
2717,48399,Runnels,126192.7
2718,48401,Rusk,150792.1
2719,48403,Sabine,151126.8
2720,48405,San Augustine,117203.4
2721,48407,San Jacinto,165407.3
2722,48409,San Patricio,178183.7
2723,48411,San Saba,130483.9
2724,48413,Schleicher,136428.6
2725,48415,Scurry,148012.6
2726,48417,Shackelford,137973.0
2727,48419,Shelby,133120.8
2728,48421,Sherman,145384.6
2729,48423,Smith,201698.5
2730,48425,Somervell,261652.2
2731,48427,Starr,147263.2
2732,48429,Stephens,148066.7
2733,48431,Sterling,117857.1
2734,48433,Stonewall,58333.3
2735,48435,Sutton,120476.2
2736,48437,Swisher,91122.4
2737,48439,Tarrant,236131.8
2738,48441,Taylor,181299.3
2739,48443,Terrell,73571.4
2740,48445,Terry,122128.7
2741,48447,Throckmorton,131666.7
2742,48449,Titus,176494.0
2743,48451,Tom Green,180728.3
2744,48453,Travis,337271.8
2745,48455,Trinity,127772.3
2746,48457,Tyler,141826.6
2747,48459,Upshur,151437.7
2748,48461,Upton,111666.7
2749,48463,Uvalde,201212.1
2750,48465,Val Verde,171862.4
2751,48467,Van Zandt,176706.4
2752,48469,Victoria,195556.0
2753,48471,Walker,202695.7
2754,48473,Waller,248282.7
2755,48475,Ward,192052.6
2756,48477,Washington,243259.5
2757,48479,Webb,184182.6
2758,48481,Wharton,182689.1
2759,48483,Wheeler,87926.8
2760,48485,Wichita,144237.1
2761,48487,Wilbarger,85489.5
2762,48489,Willacy,120061.7
2763,48491,Williamson,250387.0
2764,48493,Wilson,238873.5
2765,48495,Winkler,132058.8
2766,48497,Wise,226516.5
2767,48499,Wood,160046.1
2768,48501,Yoakum,156400.0
2769,48503,Young,146619.0
2770,48505,Zapata,127580.6
2771,48507,Zavala,94285.7
2772,49001,Beaver,154401.2
2773,49003,Box Elder,203672.3
2774,49005,Cache,221179.5
2775,49007,Carbon,138389.8
2776,49009,Daggett,133000.0
2777,49011,Davis,244122.6
2778,49013,Duchesne,175381.1
2779,49015,Emery,135863.6
2780,49017,Garfield,171993.9
2781,49019,Grand,250947.7
2782,49021,Iron,210395.2
2783,49023,Juab,217180.6
2784,49025,Kane,202828.9
2785,49027,Millard,151227.0
2786,49029,Morgan,303789.3
2787,49031,Piute,149117.6
2788,49033,Rich,263750.0
2789,49035,Salt Lake,267715.3
2790,49037,San Juan,181510.6
2791,49039,Sanpete,179262.5
2792,49041,Sevier,161780.4
2793,49043,Summit,619041.9
2794,49045,Tooele,223873.6
2795,49047,Uintah,172532.7
2796,49049,Utah,270962.3
2797,49051,Wasatch,415519.3
2798,49053,Washington,253181.6
2799,49055,Wayne,190641.0
2800,49057,Weber,209148.8
2801,50001,Addison,187521.2
2802,50003,Bennington,209377.1
2803,50005,Caledonia,144556.8
2804,50007,Chittenden,234235.9
2805,50009,Essex,119329.9
2806,50011,Franklin,169011.0
2807,50013,Grand Isle,215064.9
2808,50015,Lamoille,245089.1
2809,50017,Orange,155490.4
2810,50019,Orleans,141459.2
2811,50021,Rutland,160906.9
2812,50023,Washington,182985.7
2813,50025,Windham,192931.4
2814,50027,Windsor,211740.7
2815,51001,Accomack,159665.8
2816,51003,Albemarle,311292.0
2817,51005,Alleghany,149007.5
2818,51007,Amelia,202703.9
2819,51009,Amherst,149206.9
2820,51011,Appomattox,151302.7
2821,51013,Arlington,507898.2
2822,51015,Augusta,179270.2
2823,51017,Bath,146363.6
2824,51019,Bedford,203993.4
2825,51021,Bland,103674.7
2826,51023,Botetourt,191147.0
2827,51025,Brunswick,175195.1
2828,51027,Buchanan,80033.6
2829,51029,Buckingham,158975.4
2830,51031,Campbell,158109.4
2831,51033,Caroline,194785.1
2832,51035,Carroll,130822.8
2833,51036,Charles City,175754.7
2834,51037,Charlotte,118764.7
2835,51041,Chesterfield,233488.2
2836,51043,Clarke,298701.6
2837,51045,Craig,148504.3
2838,51047,Culpeper,258730.4
2839,51049,Cumberland,149933.3
2840,51051,Dickenson,86608.4
2841,51053,Dinwiddie,168822.2
2842,51057,Essex,184611.3
2843,51059,Fairfax,427416.2
2844,51061,Fauquier,340557.1
2845,51063,Floyd,165690.6
2846,51065,Fluvanna,201248.7
2847,51067,Franklin,209054.9
2848,51069,Frederick,238032.5
2849,51071,Giles,130264.8
2850,51073,Gloucester,209074.7
2851,51075,Goochland,297460.1
2852,51077,Grayson,127213.4
2853,51079,Greene,240216.7
2854,51081,Greensville,114700.0
2855,51083,Halifax,122692.3
2856,51085,Hanover,231263.7
2857,51087,Henrico,231598.1
2858,51089,Henry,118105.6
2859,51091,Highland,199594.6
2860,51093,Isle of Wight,252953.2
2861,51095,James City,263877.5
2862,51097,King and Queen,177686.6
2863,51099,King George,276386.1
2864,51101,King William,189051.2
2865,51103,Lancaster,256003.1
2866,51105,Lee,87238.3
2867,51107,Loudoun,411499.1
2868,51109,Louisa,233913.0
2869,51111,Lunenburg,124773.8
2870,51113,Madison,212186.6
2871,51115,Mathews,216538.5
2872,51117,Mecklenburg,168531.3
2873,51119,Middlesex,212994.3
2874,51121,Montgomery,208336.6
2875,51125,Nelson,214410.5
2876,51127,New Kent,240278.3
2877,51131,Northampton,218079.4
2878,51133,Northumberland,220467.3
2879,51135,Nottoway,136623.9
2880,51137,Orange,218251.4
2881,51139,Page,166585.1
2882,51141,Patrick,116898.7
2883,51143,Pittsylvania,130742.5
2884,51145,Powhatan,246524.0
2885,51147,Prince Edward,186083.3
2886,51149,Prince George,201182.6
2887,51153,Prince William,340389.2
2888,51155,Pulaski,149941.5
2889,51157,Rappahannock,328581.4
2890,51159,Richmond,159519.8
2891,51161,Roanoke,179279.8
2892,51163,Rockbridge,190925.2
2893,51165,Rockingham,190896.8
2894,51167,Russell,108527.6
2895,51169,Scott,106625.4
2896,51171,Shenandoah,181640.0
2897,51173,Smyth,102201.6
2898,51175,Southampton,150510.2
2899,51177,Spotsylvania,272887.3
2900,51179,Stafford,327413.1
2901,51181,Surry,183507.5
2902,51183,Sussex,155500.0
2903,51185,Tazewell,118008.1
2904,51187,Warren,220594.6
2905,51191,Washington,156507.6
2906,51193,Westmoreland,184251.1
2907,51195,Wise,106474.7
2908,51197,Wythe,119960.9
2909,51199,York,265331.8
2910,51510,Alexandria,438777.0
2911,51520,Bristol,115000.0
2912,51530,Buena Vista,106018.5
2913,51540,Charlottesville,306258.1
2914,51550,Chesapeake,254981.7
2915,51570,Colonial Heights,162165.0
2916,51580,Covington,79750.0
2917,51590,Danville,157983.7
2918,51595,Emporia,102671.2
2919,51600,Fairfax,390017.8
2920,51610,Falls Church,569102.6
2921,51620,Franklin,140945.9
2922,51630,Fredericksburg,296666.7
2923,51640,Galax,128510.6
2924,51650,Hampton,178089.8
2925,51660,Harrisonburg,191700.3
2926,51670,Hopewell,137851.6
2927,51678,Lexington,200826.1
2928,51680,Lynchburg,170009.0
2929,51683,Manassas,274290.0
2930,51685,Manassas Park,275190.3
2931,51690,Martinsville,100301.2
2932,51700,Newport News,190243.7
2933,51710,Norfolk,220345.5
2934,51720,Norton,103648.6
2935,51730,Petersburg,125723.7
2936,51735,Poquoson,274124.7
2937,51740,Portsmouth,177671.8
2938,51750,Radford,182591.8
2939,51760,Richmond,261577.6
2940,51770,Roanoke,159528.4
2941,51775,Salem,160658.8
2942,51790,Staunton,158424.0
2943,51800,Suffolk,245226.6
2944,51810,Virginia Beach,261601.1
2945,51820,Waynesboro,151134.5
2946,51830,Williamsburg,264962.3
2947,51840,Winchester,241927.1
2948,53001,Adams,190784.9
2949,53003,Asotin,194046.2
2950,53005,Benton,242174.4
2951,53007,Chelan,290198.8
2952,53009,Clallam,235586.4
2953,53011,Clark,281022.3
2954,53013,Columbia,160185.2
2955,53015,Cowlitz,232780.4
2956,53017,Douglas,253444.7
2957,53019,Ferry,191614.2
2958,53021,Franklin,231851.8
2959,53023,Garfield,129655.2
2960,53025,Grant,197534.6
2961,53027,Grays Harbor,193824.4
2962,53029,Island,306206.6
2963,53031,Jefferson,266815.6
2964,53033,King,467097.9
2965,53035,Kitsap,304128.8
2966,53037,Kittitas,311423.3
2967,53039,Klickitat,251718.3
2968,53041,Lewis,214340.5
2969,53043,Lincoln,169331.4
2970,53045,Mason,228104.6
2971,53047,Okanogan,199619.2
2972,53049,Pacific,181291.8
2973,53051,Pend Oreille,212262.4
2974,53053,Pierce,298592.9
2975,53055,San Juan,408996.2
2976,53057,Skagit,290792.9
2977,53059,Skamania,271875.0
2978,53061,Snohomish,349182.6
2979,53063,Spokane,213663.8
2980,53065,Stevens,197491.2
2981,53067,Thurston,264212.1
2982,53069,Wahkiakum,215413.8
2983,53071,Walla Walla,216052.0
2984,53073,Whatcom,309360.8
2985,53075,Whitman,222129.9
2986,53077,Yakima,205594.6
2987,54001,Barbour,129370.4
2988,54003,Berkeley,192662.3
2989,54005,Boone,103086.1
2990,54007,Braxton,94735.1
2991,54009,Brooke,103746.8
2992,54011,Cabell,151735.3
2993,54013,Calhoun,98720.9
2994,54015,Clay,79146.3
2995,54017,Doddridge,127500.0
2996,54019,Fayette,100833.3
2997,54021,Gilmer,134047.6
2998,54023,Grant,124656.7
2999,54025,Greenbrier,160102.0
3000,54027,Hampshire,141893.4
3001,54029,Hancock,106161.9
3002,54031,Hardy,138084.1
3003,54033,Harrison,161414.3
3004,54035,Jackson,128957.0
3005,54037,Jefferson,238561.4
3006,54039,Kanawha,133256.5
3007,54041,Lewis,133638.5
3008,54043,Lincoln,94463.4
3009,54045,Logan,99539.5
3010,54047,McDowell,96200.0
3011,54049,Marion,146616.3
3012,54051,Marshall,113481.8
3013,54053,Mason,115659.0
3014,54055,Mercer,128740.3
3015,54057,Mineral,149384.6
3016,54059,Mingo,89035.1
3017,54061,Monongalia,224112.1
3018,54063,Monroe,112157.4
3019,54065,Morgan,162040.8
3020,54067,Nicholas,111513.2
3021,54069,Ohio,143181.8
3022,54071,Pendleton,125485.4
3023,54073,Pleasants,140443.0
3024,54075,Pocahontas,122215.2
3025,54077,Preston,147216.4
3026,54079,Putnam,175189.0
3027,54081,Raleigh,120548.8
3028,54083,Randolph,125278.9
3029,54085,Ritchie,126917.8
3030,54087,Roane,115111.7
3031,54089,Summers,93133.3
3032,54091,Taylor,161643.4
3033,54093,Tucker,145350.9
3034,54095,Tyler,117592.6
3035,54097,Upshur,126092.7
3036,54099,Wayne,112744.8
3037,54101,Webster,89259.3
3038,54103,Wetzel,102396.4
3039,54105,Wirt,99875.0
3040,54107,Wood,135761.8
3041,54109,Wyoming,72628.9
3042,55001,Adams,127070.7
3043,55003,Ashland,118252.4
3044,55005,Barron,140225.5
3045,55007,Bayfield,153657.2
3046,55009,Brown,173164.1
3047,55011,Buffalo,151726.6
3048,55013,Burnett,161362.2
3049,55015,Calumet,161733.8
3050,55017,Chippewa,149755.4
3051,55019,Clark,106706.6
3052,55021,Columbia,152093.0
3053,55023,Crawford,128608.2
3054,55025,Dane,211639.5
3055,55027,Dodge,146043.3
3056,55029,Door,204304.3
3057,55031,Douglas,154222.0
3058,55033,Dunn,144961.0
3059,55035,Eau Claire,165377.0
3060,55037,Florence,123157.9
3061,55039,Fond du Lac,152723.1
3062,55041,Forest,111735.9
3063,55043,Grant,132152.7
3064,55045,Green,157021.0
3065,55047,Green Lake,164368.6
3066,55049,Iowa,159126.3
3067,55051,Iron,130465.1
3068,55053,Jackson,139701.0
3069,55055,Jefferson,179199.7
3070,55057,Juneau,149650.0
3071,55059,Kenosha,181333.7
3072,55061,Kewaunee,131244.5
3073,55063,La Crosse,166185.8
3074,55065,Lafayette,125168.5
3075,55067,Langlade,107780.3
3076,55069,Lincoln,132002.8
3077,55071,Manitowoc,131738.8
3078,55073,Marathon,153885.0
3079,55075,Marinette,123177.2
3080,55077,Marquette,122823.7
3081,55078,Menominee,195744.7
3082,55079,Milwaukee,172455.5
3083,55081,Monroe,150503.4
3084,55083,Oconto,148011.8
3085,55085,Oneida,173847.4
3086,55087,Outagamie,162142.5
3087,55089,Ozaukee,239685.5
3088,55091,Pepin,135000.0
3089,55093,Pierce,190328.9
3090,55095,Polk,163917.1
3091,55097,Portage,166219.2
3092,55099,Price,113371.4
3093,55101,Racine,165461.5
3094,55103,Richland,136331.1
3095,55105,Rock,135507.8
3096,55107,Rusk,126408.0
3097,55109,St. Croix,218323.8
3098,55111,Sauk,155684.6
3099,55113,Sawyer,184854.1
3100,55115,Shawano,125858.7
3101,55117,Sheboygan,154024.2
3102,55119,Taylor,135819.7
3103,55121,Trempealeau,153800.0
3104,55123,Vernon,154380.0
3105,55125,Vilas,206074.2
3106,55127,Walworth,225263.9
3107,55129,Washburn,169323.0
3108,55131,Washington,211851.5
3109,55133,Waukesha,241315.2
3110,55135,Waupaca,127103.1
3111,55137,Waushara,140411.1
3112,55139,Winnebago,156028.5
3113,55141,Wood,142436.5
3114,56001,Albany,212899.3
3115,56003,Big Horn,160103.4
3116,56005,Campbell,211530.9
3117,56007,Carbon,162300.3
3118,56009,Converse,183972.3
3119,56011,Crook,198284.7
3120,56013,Fremont,176585.4
3121,56015,Goshen,144895.1
3122,56017,Hot Springs,147790.7
3123,56019,Johnson,187738.9
3124,56021,Laramie,214986.7
3125,56023,Lincoln,257929.7
3126,56025,Natrona,184969.7
3127,56027,Niobrara,121400.0
3128,56029,Park,223894.3
3129,56031,Platte,163664.3
3130,56033,Sheridan,227587.9
3131,56035,Sublette,243062.0
3132,56037,Sweetwater,221555.3
3133,56039,Teton,956077.9
3134,56041,Uinta,186658.9
3135,56043,Washakie,137253.5
3136,56045,Weston,185598.3
